federation_id,global_round,client_round,timestamp,train_loss,train_accuracy,eval_loss,eval_accuracy,update_size_bytes,compression_ratio,privacy_type,noise_multiplier,clipping_norm,model_type,param_count,elapsed_seconds,ram_usage_mb,cpu_percent
Arrhythmia,1,1,2026-05-02T02:32:32,1.350978,0.468596,,,513100,2.0,dpsgd,0.8,1.2,kan,128275,2.573,363.47,0.0
Arrhythmia,2,2,2026-05-02T02:32:35,1.084758,0.591693,,,513100,2.0,dpsgd,0.8,1.2,kan,128275,2.55,365.54,73.4
Arrhythmia,3,3,2026-05-02T02:32:37,0.975926,0.636196,,,513100,2.0,dpsgd,0.8,1.2,kan,128275,2.508,365.71,77.4
Arrhythmia,4,1,2026-05-02T02:32:40,0.912692,0.67163,,,513100,2.0,dpsgd,0.8,1.2,kan,128275,2.632,360.04,0.0
Arrhythmia,4,4,2026-05-02T02:32:40,0.906973,0.6676,,,513100,2.0,dpsgd,0.8,1.2,kan,128275,2.748,365.77,98.7
Arrhythmia,5,2,2026-05-02T02:32:43,0.847301,0.701411,,,513100,2.0,dpsgd,0.8,1.2,kan,128275,3.041,361.84,99.8
Arrhythmia,5,5,2026-05-02T02:32:43,0.849523,0.700795,,,513100,2.0,dpsgd,0.8,1.2,kan,128275,3.068,365.79,99.8
Arrhythmia,6,1,2026-05-02T02:32:48,0.804945,0.716637,,,513100,2.0,dpsgd,0.8,1.2,kan,128275,3.952,362.68,0.0
Arrhythmia,6,6,2026-05-02T02:32:48,0.799367,0.716469,,,513100,2.0,dpsgd,0.8,1.2,kan,128275,3.97,365.73,99.4
Arrhythmia,6,3,2026-05-02T02:32:48,0.793617,0.71994,,,513100,2.0,dpsgd,0.8,1.2,kan,128275,4.008,362.21,99.4
Arrhythmia,7,2,2026-05-02T02:32:51,0.750497,0.736173,,,513100,2.0,dpsgd,0.8,1.2,kan,128275,3.443,364.77,100.0
Arrhythmia,7,7,2026-05-02T02:32:51,0.751841,0.738748,,,513100,2.0,dpsgd,0.8,1.2,kan,128275,3.567,365.74,100.0
Arrhythmia,7,4,2026-05-02T02:32:51,0.752059,0.739588,,,513100,2.0,dpsgd,0.8,1.2,kan,128275,3.648,362.25,100.0
Arrhythmia,8,8,2026-05-02T02:32:55,0.70763,0.756438,,,513100,2.0,dpsgd,0.8,1.2,kan,128275,3.68,365.74,99.9
Arrhythmia,8,5,2026-05-02T02:32:55,0.714916,0.751791,,,513100,2.0,dpsgd,0.8,1.2,kan,128275,3.77,362.27,99.9
Arrhythmia,8,3,2026-05-02T02:32:55,0.712876,0.75084,,,513100,2.0,dpsgd,0.8,1.2,kan,128275,3.774,364.91,99.9
Arrhythmia,9,9,2026-05-02T02:32:59,0.690481,0.76086,,,513100,2.0,dpsgd,0.8,1.2,kan,128275,3.851,365.74,100.0
Arrhythmia,9,6,2026-05-02T02:32:59,0.680601,0.761196,,,513100,2.0,dpsgd,0.8,1.2,kan,128275,3.86,362.2,100.0
Arrhythmia,9,4,2026-05-02T02:32:59,0.683141,0.761644,,,513100,2.0,dpsgd,0.8,1.2,kan,128275,3.875,364.96,100.0
Arrhythmia,10,5,2026-05-02T02:33:03,0.665804,0.771552,,,513100,2.0,dpsgd,0.8,1.2,kan,128275,3.602,364.96,100.0
Arrhythmia,10,10,2026-05-02T02:33:03,0.659362,0.770488,,,513100,2.0,dpsgd,0.8,1.2,kan,128275,3.63,365.68,100.0
Arrhythmia,10,7,2026-05-02T02:33:03,0.668766,0.770208,,,513100,2.0,dpsgd,0.8,1.2,kan,128275,3.669,362.31,100.0
Arrhythmia,11,6,2026-05-02T02:33:07,0.639851,0.78006,,,513100,2.0,dpsgd,0.8,1.2,kan,128275,3.658,364.9,99.8
Arrhythmia,11,8,2026-05-02T02:33:07,0.643913,0.778101,,,513100,2.0,dpsgd,0.8,1.2,kan,128275,3.69,362.32,99.8
Arrhythmia,11,11,2026-05-02T02:33:07,0.646811,0.778325,,,513100,2.0,dpsgd,0.8,1.2,kan,128275,3.733,365.7,99.8
Arrhythmia,12,7,2026-05-02T02:33:11,0.626404,0.782468,,,513100,2.0,dpsgd,0.8,1.2,kan,128275,3.613,365.06,100.0
Arrhythmia,12,9,2026-05-02T02:33:11,0.619286,0.786442,,,513100,2.0,dpsgd,0.8,1.2,kan,128275,3.615,362.38,100.0
Arrhythmia,12,12,2026-05-02T02:33:11,0.628942,0.779613,,,513100,2.0,dpsgd,0.8,1.2,kan,128275,3.624,365.89,100.0
Arrhythmia,13,13,2026-05-02T02:33:14,0.606374,0.79064,,,513100,2.0,dpsgd,0.8,1.2,kan,128275,3.509,366.03,100.0
Arrhythmia,13,8,2026-05-02T02:33:15,0.605913,0.790249,,,513100,2.0,dpsgd,0.8,1.2,kan,128275,3.643,365.14,100.0
Arrhythmia,13,10,2026-05-02T02:33:15,0.61044,0.788401,,,513100,2.0,dpsgd,0.8,1.2,kan,128275,3.653,362.77,100.0
Arrhythmia,14,9,2026-05-02T02:33:19,0.593066,0.795399,,,513100,2.0,dpsgd,0.8,1.2,kan,128275,3.8,365.15,99.9
Arrhythmia,14,14,2026-05-02T02:33:19,0.595663,0.789577,,,513100,2.0,dpsgd,0.8,1.2,kan,128275,3.833,366.16,99.9
Arrhythmia,14,11,2026-05-02T02:33:19,0.601921,0.794447,,,513100,2.0,dpsgd,0.8,1.2,kan,128275,3.948,362.13,99.9
Arrhythmia,15,10,2026-05-02T02:33:23,0.582984,0.797918,,,513100,2.0,dpsgd,0.8,1.2,kan,128275,4.113,365.12,99.6
Arrhythmia,15,15,2026-05-02T02:33:23,0.574227,0.799933,,,513100,2.0,dpsgd,0.8,1.2,kan,128275,4.198,365.86,99.6
Arrhythmia,15,12,2026-05-02T02:33:23,0.580798,0.797974,,,513100,2.0,dpsgd,0.8,1.2,kan,128275,4.228,362.27,99.6
Arrhythmia,16,13,2026-05-02T02:33:27,0.563653,0.804579,,,513100,2.0,dpsgd,0.8,1.2,kan,128275,3.839,362.34,99.7
Arrhythmia,16,16,2026-05-02T02:33:27,0.568395,0.801724,,,513100,2.0,dpsgd,0.8,1.2,kan,128275,3.886,365.91,99.7
Arrhythmia,17,17,2026-05-02T02:33:31,0.555904,0.80318,,,513100,2.0,dpsgd,0.8,1.2,kan,128275,3.661,365.85,100.0
Arrhythmia,17,12,2026-05-02T02:33:31,0.560479,0.806706,,,513100,2.0,dpsgd,0.8,1.2,kan,128275,3.679,365.09,100.0
Arrhythmia,17,14,2026-05-02T02:33:31,0.556009,0.803459,,,513100,2.0,dpsgd,0.8,1.2,kan,128275,3.735,362.29,100.0
Arrhythmia,18,13,2026-05-02T02:33:35,0.546657,0.812136,,,513100,2.0,dpsgd,0.8,1.2,kan,128275,3.591,365.09,100.0
Arrhythmia,18,15,2026-05-02T02:33:35,0.546363,0.809897,,,513100,2.0,dpsgd,0.8,1.2,kan,128275,3.664,362.33,100.0
Arrhythmia,18,18,2026-05-02T02:33:35,0.544511,0.810065,,,513100,2.0,dpsgd,0.8,1.2,kan,128275,3.692,365.88,100.0
Arrhythmia,19,19,2026-05-02T02:33:39,0.542611,0.809561,,,513100,2.0,dpsgd,0.8,1.2,kan,128275,3.699,365.93,100.0
Arrhythmia,19,14,2026-05-02T02:33:39,0.537471,0.813536,,,513100,2.0,dpsgd,0.8,1.2,kan,128275,3.808,365.02,100.0
Arrhythmia,19,16,2026-05-02T02:33:39,0.542145,0.813648,,,513100,2.0,dpsgd,0.8,1.2,kan,128275,3.84,362.27,100.0
Arrhythmia,20,17,2026-05-02T02:33:43,0.536828,0.812472,,,513100,2.0,dpsgd,0.8,1.2,kan,128275,4.309,362.35,100.0
Arrhythmia,20,15,2026-05-02T02:33:43,0.532786,0.815439,,,513100,2.0,dpsgd,0.8,1.2,kan,128275,4.329,365.07,100.0
Arrhythmia,20,20,2026-05-02T02:33:43,0.53321,0.815159,,,513100,2.0,dpsgd,0.8,1.2,kan,128275,4.352,365.79,100.0
Arrhythmia,21,21,2026-05-02T02:33:48,0.52595,0.813815,,,513100,2.0,dpsgd,0.8,1.2,kan,128275,3.996,365.92,99.8
Arrhythmia,21,16,2026-05-02T02:33:48,0.524213,0.817398,,,513100,2.0,dpsgd,0.8,1.2,kan,128275,4.062,365.02,99.8
Arrhythmia,21,18,2026-05-02T02:33:48,0.526935,0.819973,,,513100,2.0,dpsgd,0.8,1.2,kan,128275,4.098,362.29,99.8
Arrhythmia,22,22,2026-05-02T02:33:52,0.522414,0.815663,,,513100,2.0,dpsgd,0.8,1.2,kan,128275,4.092,365.89,99.9
Arrhythmia,22,17,2026-05-02T02:33:52,0.514948,0.820701,,,513100,2.0,dpsgd,0.8,1.2,kan,128275,4.11,365.11,99.9
Arrhythmia,23,18,2026-05-02T02:33:56,0.512459,0.82378,,,513100,2.0,dpsgd,0.8,1.2,kan,128275,3.698,365.06,100.0
Arrhythmia,23,23,2026-05-02T02:33:56,0.509983,0.822156,,,513100,2.0,dpsgd,0.8,1.2,kan,128275,3.768,365.89,100.0
Arrhythmia,23,20,2026-05-02T02:33:56,0.509961,0.820589,,,513100,2.0,dpsgd,0.8,1.2,kan,128275,3.835,362.36,100.0
Arrhythmia,24,21,2026-05-02T02:34:00,0.500583,0.825235,,,513100,2.0,dpsgd,0.8,1.2,kan,128275,4.046,362.32,99.9
Arrhythmia,24,24,2026-05-02T02:34:00,0.510433,0.821093,,,513100,2.0,dpsgd,0.8,1.2,kan,128275,4.081,365.96,99.9
Arrhythmia,24,19,2026-05-02T02:34:00,0.502148,0.821485,,,513100,2.0,dpsgd,0.8,1.2,kan,128275,4.109,365.11,99.9
Arrhythmia,25,20,2026-05-02T02:34:04,0.501427,0.822492,,,513100,2.0,dpsgd,0.8,1.2,kan,128275,4.084,365.12,100.0
Arrhythmia,25,22,2026-05-02T02:34:04,0.499431,0.822716,,,513100,2.0,dpsgd,0.8,1.2,kan,128275,4.15,362.76,100.0
Arrhythmia,25,25,2026-05-02T02:34:04,0.496633,0.825235,,,513100,2.0,dpsgd,0.8,1.2,kan,128275,4.173,365.96,100.0
Arrhythmia,26,23,2026-05-02T02:34:09,0.49358,0.825963,,,513100,2.0,dpsgd,0.8,1.2,kan,128275,4.547,362.34,99.8
Arrhythmia,26,21,2026-05-02T02:34:09,0.496988,0.822324,,,513100,2.0,dpsgd,0.8,1.2,kan,128275,4.569,365.07,99.8
Arrhythmia,26,26,2026-05-02T02:34:09,0.503568,0.818574,,,513100,2.0,dpsgd,0.8,1.2,kan,128275,4.579,366.12,99.8
Arrhythmia,27,22,2026-05-02T02:34:13,0.490065,0.82893,,,513100,2.0,dpsgd,0.8,1.2,kan,128275,4.049,365.52,100.0
Arrhythmia,27,27,2026-05-02T02:34:13,0.487212,0.830385,,,513100,2.0,dpsgd,0.8,1.2,kan,128275,4.099,366.03,100.0
Arrhythmia,27,24,2026-05-02T02:34:13,0.492661,0.826411,,,513100,2.0,dpsgd,0.8,1.2,kan,128275,4.118,362.43,100.0
Arrhythmia,28,23,2026-05-02T02:34:18,0.485518,0.830049,,,513100,2.0,dpsgd,0.8,1.2,kan,128275,4.122,365.09,100.0
Arrhythmia,28,28,2026-05-02T02:34:18,0.485348,0.830161,,,513100,2.0,dpsgd,0.8,1.2,kan,128275,4.149,366.17,100.0
Arrhythmia,28,25,2026-05-02T02:34:18,0.483727,0.830105,,,513100,2.0,dpsgd,0.8,1.2,kan,128275,4.193,362.32,100.0
Arrhythmia,29,29,2026-05-02T02:34:22,0.486833,0.831841,,,513100,2.0,dpsgd,0.8,1.2,kan,128275,4.31,366.13,100.0
Arrhythmia,29,24,2026-05-02T02:34:22,0.484814,0.828538,,,513100,2.0,dpsgd,0.8,1.2,kan,128275,4.34,365.16,100.0
Arrhythmia,29,26,2026-05-02T02:34:22,0.48997,0.83296,,,513100,2.0,dpsgd,0.8,1.2,kan,128275,4.39,362.26,100.0
Arrhythmia,30,27,2026-05-02T02:34:27,0.483253,0.833576,,,513100,2.0,dpsgd,0.8,1.2,kan,128275,4.204,362.46,100.0
Arrhythmia,30,25,2026-05-02T02:34:27,0.482283,0.836879,,,513100,2.0,dpsgd,0.8,1.2,kan,128275,4.235,365.16,100.0
Arrhythmia,30,30,2026-05-02T02:34:27,0.484355,0.833464,,,513100,2.0,dpsgd,0.8,1.2,kan,128275,4.302,366.12,100.0
Arrhythmia,31,26,2026-05-02T02:34:31,0.479813,0.835143,,,513100,2.0,dpsgd,0.8,1.2,kan,128275,4.01,365.1,99.0
Arrhythmia,31,28,2026-05-02T02:34:31,0.474051,0.836095,,,513100,2.0,dpsgd,0.8,1.2,kan,128275,4.113,362.4,99.0
Arrhythmia,31,31,2026-05-02T02:34:31,0.481434,0.833912,,,513100,2.0,dpsgd,0.8,1.2,kan,128275,4.197,365.8,99.0
Arrhythmia,32,29,2026-05-02T02:34:35,0.468003,0.837886,,,513100,2.0,dpsgd,0.8,1.2,kan,128275,3.962,362.49,99.9
Arrhythmia,32,27,2026-05-02T02:34:35,0.471786,0.836991,,,513100,2.0,dpsgd,0.8,1.2,kan,128275,3.973,365.16,99.9
Arrhythmia,32,32,2026-05-02T02:34:35,0.468408,0.835591,,,513100,2.0,dpsgd,0.8,1.2,kan,128275,4.05,365.85,99.9
Arrhythmia,33,33,2026-05-02T02:34:40,0.464291,0.837438,,,513100,2.0,dpsgd,0.8,1.2,kan,128275,4.201,365.95,99.9
Arrhythmia,33,28,2026-05-02T02:34:40,0.4658,0.836767,,,513100,2.0,dpsgd,0.8,1.2,kan,128275,4.201,365.04,99.9
Arrhythmia,33,30,2026-05-02T02:34:40,0.465291,0.835479,,,513100,2.0,dpsgd,0.8,1.2,kan,128275,4.262,362.41,99.9
Arrhythmia,34,34,2026-05-02T02:34:44,0.462167,0.841021,,,513100,2.0,dpsgd,0.8,1.2,kan,128275,3.846,366.2,99.8
Arrhythmia,34,29,2026-05-02T02:34:44,0.461907,0.837159,,,513100,2.0,dpsgd,0.8,1.2,kan,128275,3.926,365.15,99.8
Arrhythmia,34,31,2026-05-02T02:34:44,0.464696,0.839566,,,513100,2.0,dpsgd,0.8,1.2,kan,128275,3.95,362.41,99.8
Arrhythmia,35,35,2026-05-02T02:34:48,0.459869,0.840349,,,513100,2.0,dpsgd,0.8,1.2,kan,128275,3.653,366.22,100.0
Arrhythmia,35,30,2026-05-02T02:34:48,0.459695,0.839901,,,513100,2.0,dpsgd,0.8,1.2,kan,128275,3.782,365.11,100.0
Arrhythmia,35,32,2026-05-02T02:34:48,0.464958,0.838446,,,513100,2.0,dpsgd,0.8,1.2,kan,128275,3.846,362.46,100.0
Arrhythmia,36,31,2026-05-02T02:34:52,0.457675,0.83951,,,513100,2.0,dpsgd,0.8,1.2,kan,128275,3.905,365.08,99.0
Arrhythmia,36,33,2026-05-02T02:34:52,0.459889,0.83979,,,513100,2.0,dpsgd,0.8,1.2,kan,128275,3.972,362.38,99.0
Arrhythmia,36,36,2026-05-02T02:34:52,0.459945,0.841133,,,513100,2.0,dpsgd,0.8,1.2,kan,128275,4.002,366.23,99.1
Arrhythmia,37,32,2026-05-02T02:34:56,0.455192,0.841805,,,513100,2.0,dpsgd,0.8,1.2,kan,128275,3.528,365.15,99.9
Arrhythmia,37,34,2026-05-02T02:34:56,0.452241,0.843036,,,513100,2.0,dpsgd,0.8,1.2,kan,128275,3.824,362.68,100.0
Arrhythmia,37,37,2026-05-02T02:34:56,0.456517,0.838838,,,513100,2.0,dpsgd,0.8,1.2,kan,128275,3.862,365.84,100.0
Arrhythmia,38,33,2026-05-02T02:35:00,0.447122,0.841469,,,513100,2.0,dpsgd,0.8,1.2,kan,128275,4.027,365.07,100.0
Arrhythmia,38,38,2026-05-02T02:35:00,0.44824,0.844436,,,513100,2.0,dpsgd,0.8,1.2,kan,128275,4.038,366.26,100.0
Arrhythmia,38,35,2026-05-02T02:35:00,0.453016,0.843428,,,513100,2.0,dpsgd,0.8,1.2,kan,128275,4.066,362.45,100.0
Arrhythmia,39,39,2026-05-02T02:35:04,0.44244,0.847347,,,513100,2.0,dpsgd,0.8,1.2,kan,128275,3.757,366.13,100.0
Arrhythmia,39,36,2026-05-02T02:35:04,0.445282,0.844828,,,513100,2.0,dpsgd,0.8,1.2,kan,128275,3.807,362.47,100.0
Arrhythmia,39,34,2026-05-02T02:35:04,0.447137,0.844996,,,513100,2.0,dpsgd,0.8,1.2,kan,128275,3.834,365.51,100.0
Arrhythmia,40,35,2026-05-02T02:35:08,0.445861,0.842644,,,513100,2.0,dpsgd,0.8,1.2,kan,128275,3.801,365.14,100.0
Arrhythmia,40,40,2026-05-02T02:35:08,0.446296,0.843764,,,513100,2.0,dpsgd,0.8,1.2,kan,128275,3.944,366.23,100.0
Arrhythmia,40,37,2026-05-02T02:35:08,0.444146,0.843428,,,513100,2.0,dpsgd,0.8,1.2,kan,128275,3.97,362.82,100.0
Arrhythmia,41,41,2026-05-02T02:35:13,0.440062,0.844716,,,513100,2.0,dpsgd,0.8,1.2,kan,128275,4.08,366.26,99.5
Arrhythmia,41,36,2026-05-02T02:35:13,0.43934,0.846227,,,513100,2.0,dpsgd,0.8,1.2,kan,128275,4.155,365.18,99.5
Arrhythmia,41,38,2026-05-02T02:35:13,0.436713,0.845443,,,513100,2.0,dpsgd,0.8,1.2,kan,128275,4.183,362.41,99.5
Arrhythmia,42,42,2026-05-02T02:35:17,0.433803,0.847794,,,513100,2.0,dpsgd,0.8,1.2,kan,128275,3.924,366.31,100.0
Arrhythmia,42,37,2026-05-02T02:35:17,0.4294,0.848466,,,513100,2.0,dpsgd,0.8,1.2,kan,128275,3.981,365.52,100.0
Arrhythmia,42,39,2026-05-02T02:35:17,0.434737,0.849978,,,513100,2.0,dpsgd,0.8,1.2,kan,128275,4.001,362.45,100.0
Arrhythmia,43,40,2026-05-02T02:35:21,0.428088,0.852161,,,513100,2.0,dpsgd,0.8,1.2,kan,128275,4.012,362.45,100.0
Arrhythmia,43,43,2026-05-02T02:35:21,0.434011,0.847347,,,513100,2.0,dpsgd,0.8,1.2,kan,128275,4.023,365.82,100.0
Arrhythmia,43,38,2026-05-02T02:35:21,0.435077,0.846507,,,513100,2.0,dpsgd,0.8,1.2,kan,128275,4.046,365.11,100.0
Arrhythmia,44,44,2026-05-02T02:35:25,0.42939,0.851769,,,513100,2.0,dpsgd,0.8,1.2,kan,128275,4.086,366.0,100.0
Arrhythmia,44,41,2026-05-02T02:35:25,0.430627,0.851433,,,513100,2.0,dpsgd,0.8,1.2,kan,128275,4.095,362.36,100.0
Arrhythmia,44,39,2026-05-02T02:35:25,0.432477,0.848634,,,513100,2.0,dpsgd,0.8,1.2,kan,128275,4.15,365.16,100.0
Arrhythmia,45,42,2026-05-02T02:35:30,0.422471,0.853784,,,513100,2.0,dpsgd,0.8,1.2,kan,128275,4.197,362.41,99.9
Arrhythmia,45,45,2026-05-02T02:35:30,0.422137,0.853224,,,513100,2.0,dpsgd,0.8,1.2,kan,128275,4.199,366.42,99.9
Arrhythmia,45,40,2026-05-02T02:35:30,0.427701,0.851153,,,513100,2.0,dpsgd,0.8,1.2,kan,128275,4.228,365.16,99.9
Arrhythmia,46,46,2026-05-02T02:35:34,0.420846,0.856527,,,513100,2.0,dpsgd,0.8,1.2,kan,128275,4.098,366.0,99.4
Arrhythmia,46,41,2026-05-02T02:35:34,0.420206,0.856415,,,513100,2.0,dpsgd,0.8,1.2,kan,128275,4.15,365.06,99.4
Arrhythmia,46,43,2026-05-02T02:35:34,0.42146,0.853728,,,513100,2.0,dpsgd,0.8,1.2,kan,128275,4.15,362.4,99.4
Arrhythmia,47,44,2026-05-02T02:35:39,0.418741,0.85524,,,513100,2.0,dpsgd,0.8,1.2,kan,128275,4.322,362.43,100.0
Arrhythmia,47,47,2026-05-02T02:35:39,0.420691,0.855575,,,513100,2.0,dpsgd,0.8,1.2,kan,128275,4.342,366.51,100.0
Arrhythmia,47,42,2026-05-02T02:35:39,0.41873,0.859046,,,513100,2.0,dpsgd,0.8,1.2,kan,128275,4.352,365.12,100.0
Arrhythmia,1,1,2026-05-02T11:33:27,0.431095,0.851041,,,513100,2.0,dpsgd,0.8,1.2,kan,128275,2.169,353.15,0.0
Arrhythmia,1,1,2026-05-02T11:37:40,0.432747,0.851601,,,513100,2.0,dpsgd,0.8,1.2,kan,128275,2.015,350.52,0.0
Arrhythmia,2,2,2026-05-02T11:37:42,0.435291,0.851097,0.442243,0.859081,513100,2.0,dpsgd,0.8,1.2,kan,128275,1.935,353.3,53.7
Arrhythmia,3,3,2026-05-02T11:37:45,0.434326,0.851825,0.499712,0.832953,513100,2.0,dpsgd,0.8,1.2,kan,128275,2.011,354.87,55.0
Arrhythmia,4,4,2026-05-02T11:37:48,0.442135,0.847235,0.457982,0.850722,513100,2.0,dpsgd,0.8,1.2,kan,128275,2.125,354.88,57.8
Arrhythmia,5,5,2026-05-02T11:37:51,0.443565,0.846843,0.496239,0.836835,513100,2.0,dpsgd,0.8,1.2,kan,128275,2.129,354.89,58.1
Arrhythmia,6,6,2026-05-02T11:37:54,0.445926,0.844996,0.507058,0.827243,513100,2.0,dpsgd,0.8,1.2,kan,128275,2.054,354.29,56.5
Arrhythmia,7,7,2026-05-02T11:37:57,0.444467,0.841189,0.534121,0.80888,513100,2.0,dpsgd,0.8,1.2,kan,128275,2.123,355.06,57.4
Arrhythmia,8,8,2026-05-02T11:38:00,0.44733,0.840573,0.461684,0.844418,513100,2.0,dpsgd,0.8,1.2,kan,128275,2.124,355.54,55.7
Arrhythmia,9,9,2026-05-02T11:38:03,0.449196,0.841917,0.519614,0.812763,513100,2.0,dpsgd,0.8,1.2,kan,128275,2.235,356.83,62.1
Arrhythmia,10,10,2026-05-02T11:38:06,0.451896,0.840965,0.52678,0.81395,513100,2.0,dpsgd,0.8,1.2,kan,128275,2.211,357.53,64.8
Arrhythmia,11,11,2026-05-02T11:38:09,0.450345,0.840293,0.499766,0.825416,513100,2.0,dpsgd,0.8,1.2,kan,128275,2.24,358.29,65.0
Arrhythmia,12,12,2026-05-02T11:38:13,0.45673,0.840461,0.491795,0.829664,513100,2.0,dpsgd,0.8,1.2,kan,128275,2.426,359.06,66.9
Arrhythmia,13,1,2026-05-02T11:38:16,0.461396,0.839342,0.493894,0.828613,513100,2.0,dpsgd,0.8,1.2,kan,128275,2.834,353.37,0.0
Arrhythmia,13,13,2026-05-02T11:38:16,0.463846,0.835479,0.493894,0.828613,513100,2.0,dpsgd,0.8,1.2,kan,128275,2.859,358.98,99.2
Arrhythmia,14,2,2026-05-02T11:38:21,0.45515,0.83755,0.473841,0.835739,513100,2.0,dpsgd,0.8,1.2,kan,128275,3.072,355.58,100.0
Arrhythmia,14,14,2026-05-02T11:38:21,0.459342,0.840069,0.473841,0.835739,513100,2.0,dpsgd,0.8,1.2,kan,128275,3.131,360.05,100.0
Arrhythmia,15,3,2026-05-02T11:38:25,0.452568,0.8441,0.468148,0.836379,513100,2.0,dpsgd,0.8,1.2,kan,128275,2.865,355.78,100.0
Arrhythmia,15,15,2026-05-02T11:38:25,0.451936,0.841133,0.468148,0.836379,513100,2.0,dpsgd,0.8,1.2,kan,128275,2.938,360.17,100.0
Arrhythmia,16,16,2026-05-02T11:38:29,0.449302,0.842868,0.481398,0.83446,513100,2.0,dpsgd,0.8,1.2,kan,128275,3.211,360.49,99.0
Arrhythmia,16,4,2026-05-02T11:38:29,0.44313,0.845891,0.481398,0.83446,513100,2.0,dpsgd,0.8,1.2,kan,128275,3.218,355.79,99.0
Arrhythmia,17,17,2026-05-02T11:38:34,0.439277,0.845611,0.478668,0.831902,513100,2.0,dpsgd,0.8,1.2,kan,128275,3.319,359.85,100.0
Arrhythmia,17,5,2026-05-02T11:38:34,0.434703,0.847571,0.478668,0.831902,513100,2.0,dpsgd,0.8,1.2,kan,128275,3.336,355.14,100.0
Arrhythmia,18,18,2026-05-02T11:38:39,0.433392,0.848802,0.452995,0.8462,513100,2.0,dpsgd,0.8,1.2,kan,128275,3.542,360.49,100.0
Arrhythmia,18,6,2026-05-02T11:38:39,0.440712,0.844492,0.452995,0.8462,513100,2.0,dpsgd,0.8,1.2,kan,128275,3.608,355.79,100.0
Arrhythmia,18,1,2026-05-02T11:38:39,0.440566,0.844436,0.452995,0.8462,513100,2.0,dpsgd,0.8,1.2,kan,128275,3.615,353.51,0.0
Arrhythmia,19,7,2026-05-02T11:38:45,0.428882,0.851937,0.459789,0.8388,513100,2.0,dpsgd,0.8,1.2,kan,128275,3.877,355.94,100.0
Arrhythmia,19,19,2026-05-02T11:38:45,0.43327,0.852161,0.459789,0.8388,513100,2.0,dpsgd,0.8,1.2,kan,128275,3.91,360.49,100.0
Arrhythmia,19,2,2026-05-02T11:38:45,0.434383,0.85009,0.459789,0.8388,513100,2.0,dpsgd,0.8,1.2,kan,128275,3.918,355.12,100.0
Arrhythmia,20,20,2026-05-02T11:38:50,0.427225,0.851601,0.451946,0.846337,513100,2.0,dpsgd,0.8,1.2,kan,128275,3.248,360.49,100.0
Arrhythmia,20,8,2026-05-02T11:38:50,0.427473,0.851769,0.451946,0.846337,513100,2.0,dpsgd,0.8,1.2,kan,128275,3.305,356.53,100.0
Arrhythmia,20,3,2026-05-02T11:38:50,0.425278,0.851433,0.451946,0.846337,513100,2.0,dpsgd,0.8,1.2,kan,128275,3.353,355.2,100.0
Arrhythmia,21,9,2026-05-02T11:38:55,0.414424,0.855911,0.465133,0.841677,513100,2.0,dpsgd,0.8,1.2,kan,128275,3.42,356.93,99.7
Arrhythmia,21,4,2026-05-02T11:38:55,0.423155,0.856527,0.465133,0.841677,513100,2.0,dpsgd,0.8,1.2,kan,128275,3.452,355.2,99.7
Arrhythmia,21,21,2026-05-02T11:38:55,0.42173,0.858318,0.465133,0.841677,513100,2.0,dpsgd,0.8,1.2,kan,128275,3.468,360.49,99.7
Arrhythmia,22,22,2026-05-02T11:39:00,0.41537,0.857479,0.450952,0.847753,513100,2.0,dpsgd,0.8,1.2,kan,128275,3.807,359.98,100.0
Arrhythmia,22,10,2026-05-02T11:39:00,0.413753,0.855575,0.450952,0.847753,513100,2.0,dpsgd,0.8,1.2,kan,128275,3.835,358.08,100.0
Arrhythmia,22,5,2026-05-02T11:39:00,0.41222,0.858934,0.450952,0.847753,513100,2.0,dpsgd,0.8,1.2,kan,128275,3.861,355.76,100.0
Arrhythmia,23,11,2026-05-02T11:39:05,0.408534,0.859158,0.428525,0.856386,513100,2.0,dpsgd,0.8,1.2,kan,128275,3.431,358.61,100.0
Arrhythmia,23,23,2026-05-02T11:39:05,0.414729,0.856359,0.428525,0.856386,513100,2.0,dpsgd,0.8,1.2,kan,128275,3.455,360.49,100.0
Arrhythmia,23,6,2026-05-02T11:39:05,0.415023,0.858206,0.428525,0.856386,513100,2.0,dpsgd,0.8,1.2,kan,128275,3.484,356.0,100.0
Arrhythmia,24,12,2026-05-02T11:39:10,0.408589,0.857479,0.435756,0.856843,513100,2.0,dpsgd,0.8,1.2,kan,128275,3.691,358.13,100.0
Arrhythmia,24,24,2026-05-02T11:39:10,0.405938,0.861285,0.435756,0.856843,513100,2.0,dpsgd,0.8,1.2,kan,128275,3.806,360.49,100.0
Arrhythmia,24,7,2026-05-02T11:39:10,0.406755,0.85899,0.435756,0.856843,513100,2.0,dpsgd,0.8,1.2,kan,128275,3.812,355.95,100.0
Arrhythmia,25,25,2026-05-02T11:39:15,0.401575,0.861453,0.431178,0.85666,513100,2.0,dpsgd,0.8,1.2,kan,128275,3.44,360.51,100.0
Arrhythmia,25,8,2026-05-02T11:39:15,0.40206,0.861341,0.431178,0.85666,513100,2.0,dpsgd,0.8,1.2,kan,128275,3.507,356.64,100.0
Arrhythmia,25,13,2026-05-02T11:39:15,0.40508,0.860725,0.431178,0.85666,513100,2.0,dpsgd,0.8,1.2,kan,128275,3.539,359.48,100.0
Arrhythmia,26,9,2026-05-02T11:39:21,0.39686,0.864084,0.433283,0.857848,513100,2.0,dpsgd,0.8,1.2,kan,128275,3.649,357.96,100.0
Arrhythmia,26,26,2026-05-02T11:39:21,0.39881,0.862181,0.433283,0.857848,513100,2.0,dpsgd,0.8,1.2,kan,128275,3.715,360.9,100.0
Arrhythmia,26,14,2026-05-02T11:39:21,0.399401,0.863916,0.433283,0.857848,513100,2.0,dpsgd,0.8,1.2,kan,128275,3.707,360.12,100.0
Arrhythmia,27,10,2026-05-02T11:39:26,0.399255,0.86358,0.400759,0.868125,513100,2.0,dpsgd,0.8,1.2,kan,128275,3.232,358.13,100.0
Arrhythmia,27,27,2026-05-02T11:39:26,0.398339,0.863412,0.400759,0.868125,513100,2.0,dpsgd,0.8,1.2,kan,128275,3.269,360.91,100.0
Arrhythmia,27,15,2026-05-02T11:39:26,0.40163,0.863356,0.400759,0.868125,513100,2.0,dpsgd,0.8,1.2,kan,128275,3.312,360.12,100.0
Arrhythmia,28,11,2026-05-02T11:39:31,0.395934,0.866547,0.413928,0.862141,513100,2.0,dpsgd,0.8,1.2,kan,128275,3.342,358.16,100.0
Arrhythmia,28,28,2026-05-02T11:39:31,0.394048,0.866379,0.413928,0.862141,513100,2.0,dpsgd,0.8,1.2,kan,128275,3.338,360.91,100.0
Arrhythmia,28,16,2026-05-02T11:39:31,0.39926,0.862853,0.413928,0.862141,513100,2.0,dpsgd,0.8,1.2,kan,128275,3.372,360.13,100.0
Arrhythmia,29,29,2026-05-02T11:39:36,0.392588,0.866155,0.423216,0.859035,513100,2.0,dpsgd,0.8,1.2,kan,128275,3.742,360.9,100.0
Arrhythmia,29,17,2026-05-02T11:39:36,0.392016,0.865652,0.423216,0.859035,513100,2.0,dpsgd,0.8,1.2,kan,128275,3.774,359.49,100.0
Arrhythmia,29,12,2026-05-02T11:39:36,0.396455,0.865987,0.423216,0.859035,513100,2.0,dpsgd,0.8,1.2,kan,128275,3.853,359.04,100.0
Arrhythmia,30,30,2026-05-02T11:39:41,0.394572,0.863356,0.449032,0.846428,513100,2.0,dpsgd,0.8,1.2,kan,128275,3.536,360.3,99.8
Arrhythmia,30,13,2026-05-02T11:39:41,0.393261,0.865876,0.449032,0.846428,513100,2.0,dpsgd,0.8,1.2,kan,128275,3.541,359.28,99.8
Arrhythmia,30,18,2026-05-02T11:39:41,0.388633,0.867443,0.449032,0.846428,513100,2.0,dpsgd,0.8,1.2,kan,128275,3.603,360.13,99.8
Arrhythmia,31,19,2026-05-02T11:39:46,0.390639,0.867499,0.425002,0.857756,513100,2.0,dpsgd,0.8,1.2,kan,128275,3.796,360.11,100.0
Arrhythmia,31,31,2026-05-02T11:39:46,0.387704,0.868339,0.425002,0.857756,513100,2.0,dpsgd,0.8,1.2,kan,128275,3.822,360.77,100.0
Arrhythmia,31,14,2026-05-02T11:39:46,0.391903,0.867947,0.425002,0.857756,513100,2.0,dpsgd,0.8,1.2,kan,128275,3.822,359.78,100.0
Arrhythmia,32,20,2026-05-02T11:39:52,0.384541,0.868395,0.412665,0.862507,513100,2.0,dpsgd,0.8,1.2,kan,128275,4.089,359.97,100.0
Arrhythmia,32,32,2026-05-02T11:39:52,0.384127,0.868171,0.412665,0.862507,513100,2.0,dpsgd,0.8,1.2,kan,128275,4.167,360.34,100.0
Arrhythmia,33,33,2026-05-02T11:39:57,0.383441,0.871137,0.428812,0.85529,513100,2.0,dpsgd,0.8,1.2,kan,128275,3.477,360.89,100.0
Arrhythmia,33,16,2026-05-02T11:39:57,0.387434,0.868115,0.428812,0.85529,513100,2.0,dpsgd,0.8,1.2,kan,128275,3.507,359.78,100.0
Arrhythmia,33,21,2026-05-02T11:39:57,0.38642,0.869178,0.428812,0.85529,513100,2.0,dpsgd,0.8,1.2,kan,128275,3.549,360.08,100.0
Arrhythmia,34,34,2026-05-02T11:40:03,0.381179,0.869458,0.410831,0.861959,513100,2.0,dpsgd,0.8,1.2,kan,128275,3.643,360.85,100.0
Arrhythmia,34,17,2026-05-02T11:40:03,0.381051,0.868227,0.410831,0.861959,513100,2.0,dpsgd,0.8,1.2,kan,128275,3.645,359.77,100.0
Arrhythmia,34,22,2026-05-02T11:40:03,0.380826,0.869458,0.410831,0.861959,513100,2.0,dpsgd,0.8,1.2,kan,128275,3.655,359.93,100.0
Arrhythmia,35,35,2026-05-02T11:40:08,0.380078,0.868506,0.411391,0.862004,513100,2.0,dpsgd,0.8,1.2,kan,128275,3.781,360.88,100.0
Arrhythmia,35,23,2026-05-02T11:40:08,0.381705,0.869402,0.411391,0.862004,513100,2.0,dpsgd,0.8,1.2,kan,128275,3.81,359.92,100.0
Arrhythmia,35,18,2026-05-02T11:40:08,0.382729,0.86901,0.411391,0.862004,513100,2.0,dpsgd,0.8,1.2,kan,128275,3.821,359.75,100.0
Arrhythmia,36,24,2026-05-02T11:40:14,0.381095,0.871529,0.417991,0.859218,513100,2.0,dpsgd,0.8,1.2,kan,128275,4.389,359.51,100.0
Arrhythmia,36,19,2026-05-02T11:40:14,0.379076,0.871305,0.417991,0.859218,513100,2.0,dpsgd,0.8,1.2,kan,128275,4.44,359.75,100.0
Arrhythmia,36,36,2026-05-02T11:40:15,0.380186,0.869402,0.417991,0.859218,513100,2.0,dpsgd,0.8,1.2,kan,128275,4.477,360.61,100.0
Arrhythmia,37,37,2026-05-02T11:40:21,0.375636,0.870578,0.41258,0.860406,513100,2.0,dpsgd,0.8,1.2,kan,128275,4.039,360.16,100.0
Arrhythmia,37,25,2026-05-02T11:40:21,0.377179,0.872649,0.41258,0.860406,513100,2.0,dpsgd,0.8,1.2,kan,128275,4.102,359.6,100.0
Arrhythmia,37,20,2026-05-02T11:40:21,0.378887,0.87097,0.41258,0.860406,513100,2.0,dpsgd,0.8,1.2,kan,128275,4.129,359.64,100.0
Arrhythmia,38,38,2026-05-02T11:40:25,0.375812,0.873657,0.409555,0.86068,513100,2.0,dpsgd,0.8,1.2,kan,128275,3.226,360.65,100.0
Arrhythmia,38,21,2026-05-02T11:40:25,0.377375,0.871026,0.409555,0.86068,513100,2.0,dpsgd,0.8,1.2,kan,128275,3.243,359.77,100.0
Arrhythmia,38,26,2026-05-02T11:40:25,0.374893,0.873433,0.409555,0.86068,513100,2.0,dpsgd,0.8,1.2,kan,128275,3.287,360.66,100.0
Arrhythmia,39,22,2026-05-02T11:40:30,0.376201,0.871305,0.400534,0.866801,513100,2.0,dpsgd,0.8,1.2,kan,128275,3.241,359.56,100.0
Arrhythmia,39,27,2026-05-02T11:40:30,0.375512,0.872313,0.400534,0.866801,513100,2.0,dpsgd,0.8,1.2,kan,128275,3.25,360.65,100.0
Arrhythmia,39,39,2026-05-02T11:40:30,0.371688,0.873153,0.400534,0.866801,513100,2.0,dpsgd,0.8,1.2,kan,128275,3.29,361.21,100.0
Arrhythmia,40,28,2026-05-02T11:40:35,0.371665,0.874328,0.389896,0.871506,513100,2.0,dpsgd,0.8,1.2,kan,128275,3.454,360.13,100.0
Arrhythmia,40,23,2026-05-02T11:40:35,0.373224,0.872705,0.389896,0.871506,513100,2.0,dpsgd,0.8,1.2,kan,128275,3.486,359.55,100.0
Arrhythmia,40,40,2026-05-02T11:40:35,0.370381,0.874048,0.389896,0.871506,513100,2.0,dpsgd,0.8,1.2,kan,128275,3.482,361.37,100.0
Arrhythmia,41,29,2026-05-02T11:40:40,0.372291,0.873153,0.389476,0.872008,513100,2.0,dpsgd,0.8,1.2,kan,128275,3.381,360.6,100.0
Arrhythmia,41,41,2026-05-02T11:40:40,0.374525,0.871473,0.389476,0.872008,513100,2.0,dpsgd,0.8,1.2,kan,128275,3.419,360.73,100.0
Arrhythmia,41,24,2026-05-02T11:40:40,0.372288,0.875336,0.389476,0.872008,513100,2.0,dpsgd,0.8,1.2,kan,128275,3.505,359.5,100.0
Arrhythmia,42,25,2026-05-02T11:40:45,0.369514,0.873433,0.396432,0.867486,513100,2.0,dpsgd,0.8,1.2,kan,128275,3.292,359.75,99.9
Arrhythmia,42,30,2026-05-02T11:40:45,0.374067,0.87041,0.396432,0.867486,513100,2.0,dpsgd,0.8,1.2,kan,128275,3.331,360.73,99.9
Arrhythmia,42,42,2026-05-02T11:40:45,0.367564,0.874384,0.396432,0.867486,513100,2.0,dpsgd,0.8,1.2,kan,128275,3.338,361.39,99.9
Arrhythmia,43,26,2026-05-02T11:40:49,0.368486,0.872929,0.382178,0.873424,513100,2.0,dpsgd,0.8,1.2,kan,128275,3.282,360.39,100.0
Arrhythmia,43,43,2026-05-02T11:40:49,0.367912,0.873321,0.382178,0.873424,513100,2.0,dpsgd,0.8,1.2,kan,128275,3.297,360.5,100.0
Arrhythmia,43,31,2026-05-02T11:40:49,0.368872,0.873545,0.382178,0.873424,513100,2.0,dpsgd,0.8,1.2,kan,128275,3.309,360.73,100.0
Arrhythmia,44,32,2026-05-02T11:40:54,0.370901,0.873601,0.383528,0.871688,513100,2.0,dpsgd,0.8,1.2,kan,128275,3.66,360.11,100.0
Arrhythmia,44,27,2026-05-02T11:40:54,0.368551,0.874384,0.383528,0.871688,513100,2.0,dpsgd,0.8,1.2,kan,128275,3.667,360.37,100.0
Arrhythmia,44,44,2026-05-02T11:40:54,0.368172,0.874048,0.383528,0.871688,513100,2.0,dpsgd,0.8,1.2,kan,128275,3.687,361.36,100.0
Arrhythmia,45,33,2026-05-02T11:40:59,0.367974,0.875728,0.366639,0.87991,513100,2.0,dpsgd,0.8,1.2,kan,128275,3.34,360.73,100.0
Arrhythmia,45,28,2026-05-02T11:40:59,0.36785,0.872033,0.366639,0.87991,513100,2.0,dpsgd,0.8,1.2,kan,128275,3.35,359.84,100.0
Arrhythmia,45,45,2026-05-02T11:40:59,0.365933,0.874888,0.366639,0.87991,513100,2.0,dpsgd,0.8,1.2,kan,128275,3.393,360.71,100.0
Arrhythmia,46,34,2026-05-02T11:41:04,0.361052,0.87612,0.407078,0.861639,513100,2.0,dpsgd,0.8,1.2,kan,128275,3.298,360.7,99.7
Arrhythmia,46,46,2026-05-02T11:41:04,0.367414,0.874944,0.407078,0.861639,513100,2.0,dpsgd,0.8,1.2,kan,128275,3.353,360.11,99.7
Arrhythmia,46,29,2026-05-02T11:41:04,0.366603,0.873489,0.407078,0.861639,513100,2.0,dpsgd,0.8,1.2,kan,128275,3.419,360.31,99.7
Arrhythmia,47,35,2026-05-02T11:41:09,0.362759,0.87612,0.395825,0.866938,513100,2.0,dpsgd,0.8,1.2,kan,128275,3.723,360.15,100.0
Arrhythmia,47,30,2026-05-02T11:41:09,0.365805,0.877071,0.395825,0.866938,513100,2.0,dpsgd,0.8,1.2,kan,128275,3.751,359.78,100.0
Arrhythmia,47,47,2026-05-02T11:41:09,0.367036,0.87472,0.395825,0.866938,513100,2.0,dpsgd,0.8,1.2,kan,128275,3.751,360.21,100.0
Arrhythmia,48,31,2026-05-02T11:41:14,0.366319,0.876623,0.433188,0.852869,513100,2.0,dpsgd,0.8,1.2,kan,128275,3.391,360.38,100.0
Arrhythmia,48,36,2026-05-02T11:41:14,0.362438,0.876176,0.433188,0.852869,513100,2.0,dpsgd,0.8,1.2,kan,128275,3.397,360.43,100.0
Arrhythmia,48,48,2026-05-02T11:41:14,0.362786,0.877855,0.433188,0.852869,513100,2.0,dpsgd,0.8,1.2,kan,128275,3.414,360.73,100.0
Arrhythmia,49,32,2026-05-02T11:41:20,0.36788,0.874608,0.408024,0.862918,513100,2.0,dpsgd,0.8,1.2,kan,128275,4.23,359.75,100.0
Arrhythmia,49,49,2026-05-02T11:41:20,0.363768,0.875336,0.408024,0.862918,513100,2.0,dpsgd,0.8,1.2,kan,128275,4.235,360.24,100.0
Arrhythmia,49,37,2026-05-02T11:41:20,0.370428,0.873657,0.408024,0.862918,513100,2.0,dpsgd,0.8,1.2,kan,128275,4.258,359.89,100.0
Arrhythmia,50,38,2026-05-02T11:41:25,0.369069,0.872201,0.425176,0.855929,513100,2.0,dpsgd,0.8,1.2,kan,128275,4.09,361.13,100.0
Arrhythmia,50,33,2026-05-02T11:41:25,0.36299,0.876567,0.425176,0.855929,513100,2.0,dpsgd,0.8,1.2,kan,128275,4.106,359.74,100.0
Arrhythmia,50,50,2026-05-02T11:41:25,0.368077,0.875896,0.425176,0.855929,513100,2.0,dpsgd,0.8,1.2,kan,128275,4.108,360.41,100.0
Arrhythmia,51,39,2026-05-02T11:41:30,0.36758,0.87416,0.390576,0.868811,513100,2.0,dpsgd,0.8,1.2,kan,128275,3.298,360.98,99.8
Arrhythmia,51,51,2026-05-02T11:41:30,0.362623,0.875448,0.390576,0.868811,513100,2.0,dpsgd,0.8,1.2,kan,128275,3.329,360.8,99.8
Arrhythmia,51,34,2026-05-02T11:41:30,0.362627,0.875896,0.390576,0.868811,513100,2.0,dpsgd,0.8,1.2,kan,128275,3.368,360.37,99.8
Arrhythmia,52,35,2026-05-02T11:41:35,0.359925,0.877183,0.398834,0.864836,513100,2.0,dpsgd,0.8,1.2,kan,128275,3.255,359.82,100.0
Arrhythmia,52,52,2026-05-02T11:41:35,0.359628,0.877799,0.398834,0.864836,513100,2.0,dpsgd,0.8,1.2,kan,128275,3.282,361.21,100.0
Arrhythmia,52,40,2026-05-02T11:41:35,0.362433,0.876008,0.398834,0.864836,513100,2.0,dpsgd,0.8,1.2,kan,128275,3.364,361.14,100.0
Arrhythmia,53,36,2026-05-02T11:41:40,0.362456,0.877239,0.414107,0.857985,513100,2.0,dpsgd,0.8,1.2,kan,128275,3.327,360.24,100.0
Arrhythmia,53,41,2026-05-02T11:41:40,0.362058,0.876399,0.414107,0.857985,513100,2.0,dpsgd,0.8,1.2,kan,128275,3.345,361.15,100.0
Arrhythmia,53,53,2026-05-02T11:41:40,0.356315,0.875,0.414107,0.857985,513100,2.0,dpsgd,0.8,1.2,kan,128275,3.362,361.41,100.0
Arrhythmia,54,37,2026-05-02T11:41:45,0.360438,0.874272,0.416771,0.857345,513100,2.0,dpsgd,0.8,1.2,kan,128275,3.695,359.7,100.0
Arrhythmia,54,42,2026-05-02T11:41:45,0.362171,0.877071,0.416771,0.857345,513100,2.0,dpsgd,0.8,1.2,kan,128275,3.7,361.16,100.0
Arrhythmia,54,54,2026-05-02T11:41:45,0.358475,0.877127,0.416771,0.857345,513100,2.0,dpsgd,0.8,1.2,kan,128275,3.728,361.28,100.0
Arrhythmia,55,55,2026-05-02T11:41:50,0.36117,0.873657,0.376924,0.873972,513100,2.0,dpsgd,0.8,1.2,kan,128275,3.495,361.28,100.0
Arrhythmia,55,43,2026-05-02T11:41:50,0.358902,0.877407,0.376924,0.873972,513100,2.0,dpsgd,0.8,1.2,kan,128275,3.588,360.78,100.0
Arrhythmia,55,38,2026-05-02T11:41:50,0.363136,0.873601,0.376924,0.873972,513100,2.0,dpsgd,0.8,1.2,kan,128275,3.606,360.77,100.0
Arrhythmia,56,39,2026-05-02T11:41:55,0.359006,0.874832,0.369572,0.877855,513100,2.0,dpsgd,0.8,1.2,kan,128275,3.299,360.77,99.8
Arrhythmia,56,56,2026-05-02T11:41:55,0.36116,0.875504,0.369572,0.877855,513100,2.0,dpsgd,0.8,1.2,kan,128275,3.461,361.42,99.8
Arrhythmia,56,44,2026-05-02T11:41:55,0.360162,0.876232,0.369572,0.877855,513100,2.0,dpsgd,0.8,1.2,kan,128275,3.482,361.16,99.8
Arrhythmia,57,40,2026-05-02T11:42:00,0.359194,0.875896,0.411578,0.858944,513100,2.0,dpsgd,0.8,1.2,kan,128275,3.263,360.14,100.0
Arrhythmia,57,57,2026-05-02T11:42:00,0.360313,0.87472,0.411578,0.858944,513100,2.0,dpsgd,0.8,1.2,kan,128275,3.315,360.66,100.0
Arrhythmia,57,45,2026-05-02T11:42:00,0.355298,0.878751,0.411578,0.858944,513100,2.0,dpsgd,0.8,1.2,kan,128275,3.374,361.16,100.0
Arrhythmia,58,58,2026-05-02T11:42:05,0.361584,0.876903,0.392471,0.869496,513100,2.0,dpsgd,0.8,1.2,kan,128275,3.247,361.29,100.0
Arrhythmia,58,41,2026-05-02T11:42:05,0.359495,0.878247,0.392471,0.869496,513100,2.0,dpsgd,0.8,1.2,kan,128275,3.309,360.78,100.0
Arrhythmia,58,46,2026-05-02T11:42:05,0.355079,0.878415,0.392471,0.869496,513100,2.0,dpsgd,0.8,1.2,kan,128275,3.326,361.14,100.0
Arrhythmia,59,59,2026-05-02T11:42:09,0.356628,0.878751,0.38652,0.872693,513100,2.0,dpsgd,0.8,1.2,kan,128275,3.257,361.04,100.0
Arrhythmia,59,42,2026-05-02T11:42:09,0.358446,0.876959,0.38652,0.872693,513100,2.0,dpsgd,0.8,1.2,kan,128275,3.322,360.79,100.0
Arrhythmia,59,47,2026-05-02T11:42:09,0.357638,0.878471,0.38652,0.872693,513100,2.0,dpsgd,0.8,1.2,kan,128275,3.332,361.01,100.0
Arrhythmia,60,48,2026-05-02T11:42:14,0.353689,0.880542,0.392943,0.869998,513100,2.0,dpsgd,0.8,1.2,kan,128275,3.276,361.16,100.0
Arrhythmia,60,43,2026-05-02T11:42:14,0.357491,0.877967,0.392943,0.869998,513100,2.0,dpsgd,0.8,1.2,kan,128275,3.299,360.4,100.0
Arrhythmia,60,60,2026-05-02T11:42:14,0.354665,0.879254,0.392943,0.869998,513100,2.0,dpsgd,0.8,1.2,kan,128275,3.299,361.3,100.0
Arrhythmia,61,44,2026-05-02T11:42:19,0.354594,0.878807,0.387575,0.872785,513100,2.0,dpsgd,0.8,1.2,kan,128275,3.519,360.77,99.8
Arrhythmia,61,61,2026-05-02T11:42:19,0.351707,0.880486,0.387575,0.872785,513100,2.0,dpsgd,0.8,1.2,kan,128275,3.582,360.66,99.8
Arrhythmia,61,49,2026-05-02T11:42:19,0.353189,0.879142,0.387575,0.872785,513100,2.0,dpsgd,0.8,1.2,kan,128275,3.598,361.15,99.8
Arrhythmia,62,45,2026-05-02T11:42:25,0.353284,0.87931,0.374015,0.87685,513100,2.0,dpsgd,0.8,1.2,kan,128275,3.658,360.78,100.0
Arrhythmia,62,62,2026-05-02T11:42:25,0.347096,0.881661,0.374015,0.87685,513100,2.0,dpsgd,0.8,1.2,kan,128275,3.686,361.41,100.0
Arrhythmia,62,50,2026-05-02T11:42:25,0.352968,0.879702,0.374015,0.87685,513100,2.0,dpsgd,0.8,1.2,kan,128275,3.701,360.52,100.0
Arrhythmia,63,51,2026-05-02T11:42:29,0.349208,0.88071,0.384454,0.873561,513100,2.0,dpsgd,0.8,1.2,kan,128275,3.374,361.65,100.0
Arrhythmia,63,63,2026-05-02T11:42:29,0.347642,0.883173,0.384454,0.873561,513100,2.0,dpsgd,0.8,1.2,kan,128275,3.406,361.33,100.0
Arrhythmia,63,46,2026-05-02T11:42:30,0.350074,0.882557,0.384454,0.873561,513100,2.0,dpsgd,0.8,1.2,kan,128275,3.477,360.76,100.0
Arrhythmia,64,64,2026-05-02T11:42:34,0.346352,0.882165,0.384555,0.874703,513100,2.0,dpsgd,0.8,1.2,kan,128275,3.425,360.97,100.0
Arrhythmia,64,52,2026-05-02T11:42:34,0.349909,0.881661,0.384555,0.874703,513100,2.0,dpsgd,0.8,1.2,kan,128275,3.448,361.64,100.0
Arrhythmia,64,47,2026-05-02T11:42:34,0.347199,0.882109,0.384555,0.874703,513100,2.0,dpsgd,0.8,1.2,kan,128275,3.46,360.62,100.0
Arrhythmia,65,53,2026-05-02T11:42:39,0.351718,0.88071,0.377014,0.877764,513100,2.0,dpsgd,0.8,1.2,kan,128275,3.554,361.49,100.0
Arrhythmia,65,48,2026-05-02T11:42:39,0.350431,0.88071,0.377014,0.877764,513100,2.0,dpsgd,0.8,1.2,kan,128275,3.567,360.78,100.0
Arrhythmia,65,65,2026-05-02T11:42:39,0.349241,0.88043,0.377014,0.877764,513100,2.0,dpsgd,0.8,1.2,kan,128275,3.605,362.28,100.0
Arrhythmia,66,66,2026-05-02T11:42:45,0.345668,0.881549,0.403383,0.863695,513100,2.0,dpsgd,0.8,1.2,kan,128275,3.72,362.15,99.6
Arrhythmia,66,54,2026-05-02T11:42:45,0.357151,0.880038,0.403383,0.863695,513100,2.0,dpsgd,0.8,1.2,kan,128275,3.762,361.48,99.6
Arrhythmia,66,49,2026-05-02T11:42:45,0.351947,0.878751,0.403383,0.863695,513100,2.0,dpsgd,0.8,1.2,kan,128275,3.766,360.75,99.6
Arrhythmia,67,50,2026-05-02T11:42:50,0.348876,0.880486,0.40885,0.860771,513100,2.0,dpsgd,0.8,1.2,kan,128275,3.374,360.74,100.0
Arrhythmia,67,55,2026-05-02T11:42:50,0.351623,0.881438,0.40885,0.860771,513100,2.0,dpsgd,0.8,1.2,kan,128275,3.443,361.62,100.0
Arrhythmia,67,67,2026-05-02T11:42:50,0.350379,0.88043,0.40885,0.860771,513100,2.0,dpsgd,0.8,1.2,kan,128275,3.44,362.14,100.0
Arrhythmia,68,56,2026-05-02T11:42:55,0.352277,0.880878,0.383198,0.871597,513100,2.0,dpsgd,0.8,1.2,kan,128275,3.429,361.49,100.0
Arrhythmia,68,51,2026-05-02T11:42:55,0.347055,0.881941,0.383198,0.871597,513100,2.0,dpsgd,0.8,1.2,kan,128275,3.451,361.26,100.0
Arrhythmia,68,68,2026-05-02T11:42:55,0.347137,0.880878,0.383198,0.871597,513100,2.0,dpsgd,0.8,1.2,kan,128275,3.469,362.27,100.0
Arrhythmia,69,69,2026-05-02T11:43:00,0.347139,0.879534,0.395752,0.866115,513100,2.0,dpsgd,0.8,1.2,kan,128275,3.201,362.16,100.0
Arrhythmia,69,57,2026-05-02T11:43:00,0.350574,0.880542,0.395752,0.866115,513100,2.0,dpsgd,0.8,1.2,kan,128275,3.318,361.34,100.0
Arrhythmia,69,52,2026-05-02T11:43:00,0.345909,0.882333,0.395752,0.866115,513100,2.0,dpsgd,0.8,1.2,kan,128275,3.354,361.25,100.0
Arrhythmia,70,70,2026-05-02T11:43:05,0.346981,0.881326,0.423077,0.857071,513100,2.0,dpsgd,0.8,1.2,kan,128275,3.24,362.15,100.0
Arrhythmia,70,53,2026-05-02T11:43:05,0.344682,0.882109,0.423077,0.857071,513100,2.0,dpsgd,0.8,1.2,kan,128275,3.283,361.11,100.0
Arrhythmia,70,58,2026-05-02T11:43:05,0.347217,0.882781,0.423077,0.857071,513100,2.0,dpsgd,0.8,1.2,kan,128275,3.333,361.72,100.0
Arrhythmia,71,59,2026-05-02T11:43:10,0.343513,0.882669,0.401142,0.866572,513100,2.0,dpsgd,0.8,1.2,kan,128275,3.247,361.06,99.3
Arrhythmia,71,71,2026-05-02T11:43:10,0.348642,0.883061,0.401142,0.866572,513100,2.0,dpsgd,0.8,1.2,kan,128275,3.287,362.28,99.3
Arrhythmia,71,54,2026-05-02T11:43:10,0.349123,0.881829,0.401142,0.866572,513100,2.0,dpsgd,0.8,1.2,kan,128275,3.34,361.26,99.3
Arrhythmia,72,55,2026-05-02T11:43:14,0.345661,0.883285,0.404624,0.864562,513100,2.0,dpsgd,0.8,1.2,kan,128275,3.273,361.25,100.0
Arrhythmia,72,72,2026-05-02T11:43:14,0.351549,0.883117,0.404624,0.864562,513100,2.0,dpsgd,0.8,1.2,kan,128275,3.305,361.54,100.0
Arrhythmia,72,60,2026-05-02T11:43:14,0.349931,0.883173,0.404624,0.864562,513100,2.0,dpsgd,0.8,1.2,kan,128275,3.375,361.67,100.0
Arrhythmia,73,56,2026-05-02T11:43:19,0.343828,0.881829,0.391779,0.868902,513100,2.0,dpsgd,0.8,1.2,kan,128275,3.261,361.16,100.0
Arrhythmia,73,61,2026-05-02T11:43:19,0.349082,0.882109,0.391779,0.868902,513100,2.0,dpsgd,0.8,1.2,kan,128275,3.286,361.62,100.0
Arrhythmia,73,73,2026-05-02T11:43:19,0.346094,0.883957,0.391779,0.868902,513100,2.0,dpsgd,0.8,1.2,kan,128275,3.293,362.04,100.0
Arrhythmia,74,62,2026-05-02T11:43:24,0.341496,0.883789,0.382334,0.872054,513100,2.0,dpsgd,0.8,1.2,kan,128275,3.223,362.12,100.0
Arrhythmia,74,74,2026-05-02T11:43:24,0.343883,0.883117,0.382334,0.872054,513100,2.0,dpsgd,0.8,1.2,kan,128275,3.338,361.8,100.0
Arrhythmia,74,57,2026-05-02T11:43:24,0.343528,0.884069,0.382334,0.872054,513100,2.0,dpsgd,0.8,1.2,kan,128275,3.367,361.0,100.0
Arrhythmia,75,75,2026-05-02T11:43:28,0.345744,0.882725,0.383853,0.871688,513100,2.0,dpsgd,0.8,1.2,kan,128275,3.441,362.16,100.0
Arrhythmia,75,63,2026-05-02T11:43:28,0.343255,0.883845,0.383853,0.871688,513100,2.0,dpsgd,0.8,1.2,kan,128275,3.444,362.27,100.0
Arrhythmia,75,58,2026-05-02T11:43:29,0.341831,0.883901,0.383853,0.871688,513100,2.0,dpsgd,0.8,1.2,kan,128275,3.469,361.34,100.0
Arrhythmia,76,64,2026-05-02T11:43:34,0.341575,0.884572,0.385606,0.870592,513100,2.0,dpsgd,0.8,1.2,kan,128275,3.419,362.25,99.6
Arrhythmia,76,76,2026-05-02T11:43:34,0.341119,0.884013,0.385606,0.870592,513100,2.0,dpsgd,0.8,1.2,kan,128275,3.418,363.14,99.6
Arrhythmia,76,59,2026-05-02T11:43:34,0.341693,0.884684,0.385606,0.870592,513100,2.0,dpsgd,0.8,1.2,kan,128275,3.428,360.67,99.6
Arrhythmia,77,77,2026-05-02T11:43:38,0.339916,0.884628,0.391151,0.867394,513100,2.0,dpsgd,0.8,1.2,kan,128275,3.419,363.27,100.0
Arrhythmia,77,60,2026-05-02T11:43:38,0.342637,0.884852,0.391151,0.867394,513100,2.0,dpsgd,0.8,1.2,kan,128275,3.42,361.29,100.0

Arrhythmia,78,61,2026-05-02T11:43:43,0.342688,0.883733,0.397735,0.863375,513100,2.0,dpsgd,0.8,1.2,kan,128275,3.236,361.25,100.0
Arrhythmia,78,66,2026-05-02T11:43:43,0.343037,0.883733,0.397735,0.863375,513100,2.0,dpsgd,0.8,1.2,kan,128275,3.308,361.7,100.0
Arrhythmia,78,78,2026-05-02T11:43:43,0.34299,0.883453,0.397735,0.863375,513100,2.0,dpsgd,0.8,1.2,kan,128275,3.316,363.15,100.0
Arrhythmia,79,79,2026-05-02T11:43:48,0.339217,0.88586,0.380086,0.869815,513100,2.0,dpsgd,0.8,1.2,kan,128275,3.253,363.13,100.0
Arrhythmia,79,67,2026-05-02T11:43:48,0.342169,0.882445,0.380086,0.869815,513100,2.0,dpsgd,0.8,1.2,kan,128275,3.29,362.15,100.0
Arrhythmia,79,62,2026-05-02T11:43:48,0.339503,0.883957,0.380086,0.869815,513100,2.0,dpsgd,0.8,1.2,kan,128275,3.303,361.26,100.0
Arrhythmia,80,80,2026-05-02T11:43:53,0.336675,0.886028,0.391285,0.86406,513100,2.0,dpsgd,0.8,1.2,kan,128275,3.508,363.27,100.0
Arrhythmia,80,68,2026-05-02T11:43:53,0.341289,0.884572,0.391285,0.86406,513100,2.0,dpsgd,0.8,1.2,kan,128275,3.529,362.12,100.0
Arrhythmia,80,63,2026-05-02T11:43:53,0.339286,0.88474,0.391285,0.86406,513100,2.0,dpsgd,0.8,1.2,kan,128275,3.536,361.41,100.0
Arrhythmia,81,81,2026-05-02T11:43:57,0.342449,0.882445,0.350725,0.883747,513100,2.0,dpsgd,0.8,1.2,kan,128275,3.32,362.79,99.6
Arrhythmia,81,64,2026-05-02T11:43:58,0.340123,0.886811,0.350725,0.883747,513100,2.0,dpsgd,0.8,1.2,kan,128275,3.404,361.39,99.6
Arrhythmia,81,69,2026-05-02T11:43:58,0.339333,0.886588,0.350725,0.883747,513100,2.0,dpsgd,0.8,1.2,kan,128275,3.426,362.28,99.6
Arrhythmia,82,82,2026-05-02T11:44:03,0.344855,0.882557,0.385659,0.87009,513100,2.0,dpsgd,0.8,1.2,kan,128275,3.723,362.64,100.0
Arrhythmia,82,70,2026-05-02T11:44:03,0.339421,0.884236,0.385659,0.87009,513100,2.0,dpsgd,0.8,1.2,kan,128275,3.749,362.2,100.0
Arrhythmia,82,65,2026-05-02T11:44:03,0.340134,0.884908,0.385659,0.87009,513100,2.0,dpsgd,0.8,1.2,kan,128275,3.772,361.18,100.0
Arrhythmia,83,66,2026-05-02T11:44:08,0.340804,0.887315,0.382522,0.872602,513100,2.0,dpsgd,0.8,1.2,kan,128275,3.736,360.69,100.0
Arrhythmia,83,83,2026-05-02T11:44:08,0.339037,0.887147,0.382522,0.872602,513100,2.0,dpsgd,0.8,1.2,kan,128275,3.749,362.7,100.0
Arrhythmia,83,71,2026-05-02T11:44:08,0.345899,0.884404,0.382522,0.872602,513100,2.0,dpsgd,0.8,1.2,kan,128275,3.749,361.56,100.0
Arrhythmia,84,84,2026-05-02T11:44:13,0.336681,0.887539,0.385051,0.868582,513100,2.0,dpsgd,0.8,1.2,kan,128275,3.301,363.18,100.0
Arrhythmia,84,67,2026-05-02T11:44:13,0.343689,0.884404,0.385051,0.868582,513100,2.0,dpsgd,0.8,1.2,kan,128275,3.389,361.27,100.0
Arrhythmia,84,72,2026-05-02T11:44:13,0.340612,0.884796,0.385051,0.868582,513100,2.0,dpsgd,0.8,1.2,kan,128275,3.406,362.31,100.0
Arrhythmia,85,68,2026-05-02T11:44:18,0.340717,0.885412,0.369511,0.876485,513100,2.0,dpsgd,0.8,1.2,kan,128275,3.544,361.25,100.0
Arrhythmia,85,85,2026-05-02T11:44:18,0.343388,0.884124,0.369511,0.876485,513100,2.0,dpsgd,0.8,1.2,kan,128275,3.616,363.17,100.0
Arrhythmia,86,74,2026-05-02T11:44:24,0.341006,0.885356,0.386073,0.870592,513100,2.0,dpsgd,0.8,1.2,kan,128275,4.214,361.42,99.6
Arrhythmia,86,86,2026-05-02T11:44:24,0.340274,0.88642,0.386073,0.870592,513100,2.0,dpsgd,0.8,1.2,kan,128275,4.227,362.82,99.6
Arrhythmia,86,69,2026-05-02T11:44:24,0.342105,0.883677,0.386073,0.870592,513100,2.0,dpsgd,0.8,1.2,kan,128275,4.272,360.86,99.6
Arrhythmia,87,75,2026-05-02T11:44:29,0.338248,0.885636,0.395553,0.864974,513100,2.0,dpsgd,0.8,1.2,kan,128275,3.416,362.71,100.0
Arrhythmia,87,87,2026-05-02T11:44:29,0.338563,0.8867,0.395553,0.864974,513100,2.0,dpsgd,0.8,1.2,kan,128275,3.45,362.43,100.0
Arrhythmia,87,70,2026-05-02T11:44:29,0.339836,0.88474,0.395553,0.864974,513100,2.0,dpsgd,0.8,1.2,kan,128275,3.465,361.34,100.0
Arrhythmia,88,88,2026-05-02T11:44:34,0.335176,0.887371,0.396845,0.865613,513100,2.0,dpsgd,0.8,1.2,kan,128275,3.347,362.54,100.0
Arrhythmia,88,71,2026-05-02T11:44:34,0.339247,0.884404,0.396845,0.865613,513100,2.0,dpsgd,0.8,1.2,kan,128275,3.435,361.21,100.0
Arrhythmia,88,76,2026-05-02T11:44:34,0.337996,0.885468,0.396845,0.865613,513100,2.0,dpsgd,0.8,1.2,kan,128275,3.442,362.68,100.0
Arrhythmia,89,72,2026-05-02T11:44:39,0.336682,0.88558,0.380523,0.868765,513100,2.0,dpsgd,0.8,1.2,kan,128275,3.543,360.82,100.0
Arrhythmia,89,77,2026-05-02T11:44:39,0.334938,0.88586,0.380523,0.868765,513100,2.0,dpsgd,0.8,1.2,kan,128275,3.548,362.07,100.0
Arrhythmia,89,89,2026-05-02T11:44:39,0.338374,0.885244,0.380523,0.868765,513100,2.0,dpsgd,0.8,1.2,kan,128275,3.582,362.69,100.0
Arrhythmia,90,78,2026-05-02T11:44:45,0.33424,0.886308,0.376445,0.871003,513100,2.0,dpsgd,0.8,1.2,kan,128275,4.04,362.69,100.0
Arrhythmia,90,73,2026-05-02T11:44:45,0.33682,0.885244,0.376445,0.871003,513100,2.0,dpsgd,0.8,1.2,kan,128275,4.141,360.47,100.0
Arrhythmia,90,90,2026-05-02T11:44:45,0.334859,0.887259,0.376445,0.871003,513100,2.0,dpsgd,0.8,1.2,kan,128275,4.152,362.56,100.0
Arrhythmia,91,79,2026-05-02T11:44:51,0.337983,0.886252,0.375447,0.871825,513100,2.0,dpsgd,0.8,1.2,kan,128275,3.705,362.68,99.9
Arrhythmia,91,91,2026-05-02T11:44:51,0.335017,0.885188,0.375447,0.871825,513100,2.0,dpsgd,0.8,1.2,kan,128275,3.77,363.17,99.9
Arrhythmia,91,74,2026-05-02T11:44:51,0.33776,0.885356,0.375447,0.871825,513100,2.0,dpsgd,0.8,1.2,kan,128275,3.828,360.54,99.9
Arrhythmia,92,75,2026-05-02T11:44:56,0.336639,0.887315,0.387599,0.86575,513100,2.0,dpsgd,0.8,1.2,kan,128275,3.777,361.2,100.0
Arrhythmia,92,80,2026-05-02T11:44:56,0.336315,0.885916,0.387599,0.86575,513100,2.0,dpsgd,0.8,1.2,kan,128275,3.783,362.18,100.0
Arrhythmia,92,92,2026-05-02T11:44:56,0.336681,0.885356,0.387599,0.86575,513100,2.0,dpsgd,0.8,1.2,kan,128275,3.818,363.18,100.0
Arrhythmia,93,76,2026-05-02T11:45:02,0.338457,0.886028,0.376226,0.871688,513100,2.0,dpsgd,0.8,1.2,kan,128275,3.749,361.79,100.0
Arrhythmia,93,81,2026-05-02T11:45:02,0.332157,0.889554,0.376226,0.871688,513100,2.0,dpsgd,0.8,1.2,kan,128275,3.754,361.75,100.0
Arrhythmia,93,93,2026-05-02T11:45:02,0.337773,0.886532,0.376226,0.871688,513100,2.0,dpsgd,0.8,1.2,kan,128275,3.763,363.17,100.0
Arrhythmia,94,94,2026-05-02T11:45:07,0.333849,0.887595,0.362588,0.87822,513100,2.0,dpsgd,0.8,1.2,kan,128275,3.786,363.14,100.0
Arrhythmia,94,82,2026-05-02T11:45:07,0.328782,0.887987,0.362588,0.87822,513100,2.0,dpsgd,0.8,1.2,kan,128275,3.804,362.67,100.0
Arrhythmia,94,77,2026-05-02T11:45:07,0.331449,0.888603,0.362588,0.87822,513100,2.0,dpsgd,0.8,1.2,kan,128275,3.822,361.16,100.0
Arrhythmia,95,83,2026-05-02T11:45:13,0.32999,0.890002,0.372203,0.873424,513100,2.0,dpsgd,0.8,1.2,kan,128275,4.385,362.2,100.0
Arrhythmia,95,78,2026-05-02T11:45:13,0.329769,0.888939,0.372203,0.873424,513100,2.0,dpsgd,0.8,1.2,kan,128275,4.414,361.82,100.0
Arrhythmia,95,95,2026-05-02T11:45:13,0.332976,0.886923,0.372203,0.873424,513100,2.0,dpsgd,0.8,1.2,kan,128275,4.432,363.29,100.0
Arrhythmia,96,96,2026-05-02T11:45:18,0.33069,0.889386,0.358602,0.880322,513100,2.0,dpsgd,0.8,1.2,kan,128275,3.619,363.17,99.3
Arrhythmia,96,84,2026-05-02T11:45:18,0.32997,0.889163,0.358602,0.880322,513100,2.0,dpsgd,0.8,1.2,kan,128275,3.634,362.39,99.3
Arrhythmia,96,79,2026-05-02T11:45:18,0.329071,0.888211,0.358602,0.880322,513100,2.0,dpsgd,0.8,1.2,kan,128275,3.635,361.82,99.3
Arrhythmia,97,85,2026-05-02T11:45:23,0.329386,0.888267,0.378806,0.871643,513100,2.0,dpsgd,0.8,1.2,kan,128275,3.418,362.62,100.0
Arrhythmia,97,80,2026-05-02T11:45:23,0.327198,0.89073,0.378806,0.871643,513100,2.0,dpsgd,0.8,1.2,kan,128275,3.433,361.31,100.0
Arrhythmia,97,97,2026-05-02T11:45:23,0.327125,0.890674,0.378806,0.871643,513100,2.0,dpsgd,0.8,1.2,kan,128275,3.444,363.18,100.0
Arrhythmia,98,86,2026-05-02T11:45:28,0.326282,0.891234,0.384252,0.868628,513100,2.0,dpsgd,0.8,1.2,kan,128275,3.54,362.1,100.0
Arrhythmia,98,98,2026-05-02T11:45:28,0.3277,0.889163,0.384252,0.868628,513100,2.0,dpsgd,0.8,1.2,kan,128275,3.575,363.18,100.0
Arrhythmia,98,81,2026-05-02T11:45:28,0.325101,0.892073,0.384252,0.868628,513100,2.0,dpsgd,0.8,1.2,kan,128275,3.613,360.88,100.0
Arrhythmia,99,99,2026-05-02T11:45:33,0.327296,0.892465,0.351049,0.882468,513100,2.0,dpsgd,0.8,1.2,kan,128275,3.42,363.18,100.0
Arrhythmia,99,87,2026-05-02T11:45:33,0.327075,0.890002,0.351049,0.882468,513100,2.0,dpsgd,0.8,1.2,kan,128275,3.428,362.18,100.0
Arrhythmia,99,82,2026-05-02T11:45:33,0.324957,0.891346,0.351049,0.882468,513100,2.0,dpsgd,0.8,1.2,kan,128275,3.445,361.8,100.0
Arrhythmia,100,83,2026-05-02T11:45:38,0.327747,0.888043,0.35277,0.880778,513100,2.0,dpsgd,0.8,1.2,kan,128275,3.666,361.66,100.0
Arrhythmia,100,100,2026-05-02T11:45:38,0.324875,0.889498,0.35277,0.880778,513100,2.0,dpsgd,0.8,1.2,kan,128275,3.674,364.25,100.0
Arrhythmia,100,88,2026-05-02T11:45:38,0.328693,0.889554,0.35277,0.880778,513100,2.0,dpsgd,0.8,1.2,kan,128275,3.673,361.52,100.0
Arrhythmia,1,1,2026-05-02T12:12:45,0.372548,0.882781,,,513100,2.0,true_dpsgd,0.8,1.2,0.3468,kan,128275,40.191,352.85,0.0
Arrhythmia,2,2,2026-05-02T12:13:35,0.400441,0.883957,0.28454,0.907957,513100,2.0,true_dpsgd,0.8,1.2,0.4924,kan,128275,49.244,353.64,70.7
Arrhythmia,3,1,2026-05-02T12:15:52,0.416224,0.885468,0.344449,0.893523,513100,2.0,true_dpsgd,0.8,1.2,0.3468,kan,128275,132.699,351.82,100.0
Arrhythmia,3,1,2026-05-02T12:15:52,0.413713,0.884908,0.344449,0.893523,513100,2.0,true_dpsgd,0.8,1.2,0.3468,kan,128275,133.117,350.55,100.0
Arrhythmia,3,1,2026-05-02T12:15:52,0.426273,0.883509,0.344449,0.893523,513100,2.0,true_dpsgd,0.8,1.2,0.3468,kan,128275,133.422,350.77,100.0
Arrhythmia,3,1,2026-05-02T12:16:44,0.420124,0.884348,0.344449,0.893523,513100,2.0,true_dpsgd,0.8,1.2,0.3468,kan,128275,184.953,351.07,100.0
Arrhythmia,3,1,2026-05-02T12:16:44,0.42182,0.885356,0.344449,0.893523,513100,2.0,true_dpsgd,0.8,1.2,0.3468,kan,128275,185.347,350.71,0.0
Arrhythmia,3,1,2026-05-02T12:16:44,0.419606,0.88474,0.344449,0.893523,513100,2.0,true_dpsgd,0.8,1.2,0.3468,kan,128275,185.372,351.04,0.0
Arrhythmia,3,1,2026-05-02T12:16:44,0.415188,0.88474,0.344449,0.893523,513100,2.0,true_dpsgd,0.8,1.2,0.3468,kan,128275,185.397,352.36,0.0
Arrhythmia,3,1,2026-05-02T12:16:44,0.415046,0.886252,0.344449,0.893523,513100,2.0,true_dpsgd,0.8,1.2,0.3468,kan,128275,185.587,352.7,0.0
Arrhythmia,3,3,2026-05-02T12:16:44,0.41242,0.88586,0.344449,0.893523,513100,2.0,true_dpsgd,0.8,1.2,0.6048,kan,128275,185.626,355.07,100.0
Arrhythmia,4,2,2026-05-02T12:19:11,0.425506,0.888099,0.35741,0.894756,513100,2.0,true_dpsgd,0.8,1.2,0.4924,kan,128275,142.319,351.74,100.0
Arrhythmia,4,2,2026-05-02T12:19:12,0.415325,0.889219,0.35741,0.894756,513100,2.0,true_dpsgd,0.8,1.2,0.4924,kan,128275,143.24,351.92,100.0
Arrhythmia,4,2,2026-05-02T12:19:12,0.421337,0.887651,0.35741,0.894756,513100,2.0,true_dpsgd,0.8,1.2,0.4924,kan,128275,143.236,350.78,100.0
Arrhythmia,4,2,2026-05-02T12:20:06,0.4185,0.888211,0.35741,0.894756,513100,2.0,true_dpsgd,0.8,1.2,0.4924,kan,128275,197.593,352.28,100.0
Arrhythmia,4,2,2026-05-02T12:20:06,0.420502,0.887371,0.35741,0.894756,513100,2.0,true_dpsgd,0.8,1.2,0.4924,kan,128275,197.781,350.45,100.0
Arrhythmia,4,2,2026-05-02T12:20:06,0.420337,0.888603,0.35741,0.894756,513100,2.0,true_dpsgd,0.8,1.2,0.4924,kan,128275,197.905,352.01,100.0
Arrhythmia,4,4,2026-05-02T12:20:06,0.420244,0.888099,0.35741,0.894756,513100,2.0,true_dpsgd,0.8,1.2,0.7,kan,128275,198.003,355.3,100.0
Arrhythmia,4,2,2026-05-02T12:20:06,0.418046,0.888715,0.35741,0.894756,513100,2.0,true_dpsgd,0.8,1.2,0.4924,kan,128275,198.029,352.71,100.0
Arrhythmia,4,2,2026-05-02T12:20:07,0.420736,0.887483,0.35741,0.894756,513100,2.0,true_dpsgd,0.8,1.2,0.4924,kan,128275,198.109,352.31,100.0
Arrhythmia,5,3,2026-05-02T12:22:27,0.421948,0.889275,0.342483,0.900831,513100,2.0,true_dpsgd,0.8,1.2,0.6048,kan,128275,136.119,353.14,100.0
Arrhythmia,5,3,2026-05-02T12:22:28,0.421432,0.891458,0.342483,0.900831,513100,2.0,true_dpsgd,0.8,1.2,0.6048,kan,128275,136.351,350.64,100.0
Arrhythmia,5,3,2026-05-02T12:22:28,0.417733,0.890842,0.342483,0.900831,513100,2.0,true_dpsgd,0.8,1.2,0.6048,kan,128275,136.869,351.78,100.0
Arrhythmia,5,3,2026-05-02T12:23:19,0.416776,0.891906,0.342483,0.900831,513100,2.0,true_dpsgd,0.8,1.2,0.6048,kan,128275,187.683,352.25,100.0
Arrhythmia,5,3,2026-05-02T12:23:19,0.414393,0.891961,0.342483,0.900831,513100,2.0,true_dpsgd,0.8,1.2,0.6048,kan,128275,187.737,350.87,100.0
Arrhythmia,5,3,2026-05-02T12:23:19,0.415521,0.890618,0.342483,0.900831,513100,2.0,true_dpsgd,0.8,1.2,0.6048,kan,128275,187.776,351.87,100.0
Arrhythmia,5,3,2026-05-02T12:23:19,0.424794,0.889778,0.342483,0.900831,513100,2.0,true_dpsgd,0.8,1.2,0.6048,kan,128275,187.884,352.26,100.0
Arrhythmia,5,3,2026-05-02T12:23:19,0.42141,0.891066,0.342483,0.900831,513100,2.0,true_dpsgd,0.8,1.2,0.6048,kan,128275,187.918,353.07,100.0
Arrhythmia,5,5,2026-05-02T12:23:19,0.422706,0.890058,0.342483,0.900831,513100,2.0,true_dpsgd,0.8,1.2,0.7845,kan,128275,187.976,356.11,100.0
Arrhythmia,6,4,2026-05-02T12:25:38,0.419098,0.892969,0.355839,0.898776,513100,2.0,true_dpsgd,0.8,1.2,0.7,kan,128275,134.579,351.53,100.0
Arrhythmia,6,4,2026-05-02T12:25:39,0.420445,0.892241,0.355839,0.898776,513100,2.0,true_dpsgd,0.8,1.2,0.7,kan,128275,134.861,353.39,100.0
Arrhythmia,6,4,2026-05-02T12:25:39,0.421911,0.892353,0.355839,0.898776,513100,2.0,true_dpsgd,0.8,1.2,0.7,kan,128275,135.256,352.03,100.0
Arrhythmia,6,4,2026-05-02T12:26:29,0.4186,0.893361,0.355839,0.898776,513100,2.0,true_dpsgd,0.8,1.2,0.7,kan,128275,185.522,353.59,100.0
Arrhythmia,6,4,2026-05-02T12:26:29,0.418422,0.891794,0.355839,0.898776,513100,2.0,true_dpsgd,0.8,1.2,0.7,kan,128275,185.61,353.53,100.0
Arrhythmia,6,4,2026-05-02T12:26:30,0.416857,0.893025,0.355839,0.898776,513100,2.0,true_dpsgd,0.8,1.2,0.7,kan,128275,185.754,352.19,100.0
Arrhythmia,6,6,2026-05-02T12:26:30,0.420843,0.892353,0.355839,0.898776,513100,2.0,true_dpsgd,0.8,1.2,0.8609,kan,128275,185.831,355.79,100.0
Arrhythmia,6,4,2026-05-02T12:26:30,0.419512,0.893809,0.355839,0.898776,513100,2.0,true_dpsgd,0.8,1.2,0.7,kan,128275,185.874,352.9,100.0
Arrhythmia,6,4,2026-05-02T12:26:30,0.418747,0.893473,0.355839,0.898776,513100,2.0,true_dpsgd,0.8,1.2,0.7,kan,128275,185.93,353.29,100.0
Arrhythmia,7,5,2026-05-02T12:28:55,0.422461,0.896104,0.347328,0.902156,513100,2.0,true_dpsgd,0.8,1.2,0.7845,kan,128275,140.509,353.24,100.0
Arrhythmia,7,5,2026-05-02T12:28:55,0.420189,0.895152,0.347328,0.902156,513100,2.0,true_dpsgd,0.8,1.2,0.7845,kan,128275,140.659,352.36,100.0
Arrhythmia,7,5,2026-05-02T12:28:55,0.422377,0.896216,0.347328,0.902156,513100,2.0,true_dpsgd,0.8,1.2,0.7845,kan,128275,141.24,351.89,100.0
Arrhythmia,7,5,2026-05-02T12:29:46,0.423841,0.893921,0.347328,0.902156,513100,2.0,true_dpsgd,0.8,1.2,0.7845,kan,128275,192.19,350.17,100.0
Arrhythmia,7,5,2026-05-02T12:29:46,0.41894,0.893641,0.347328,0.902156,513100,2.0,true_dpsgd,0.8,1.2,0.7845,kan,128275,192.184,348.44,100.0
Arrhythmia,7,5,2026-05-02T12:29:46,0.423954,0.893865,0.347328,0.902156,513100,2.0,true_dpsgd,0.8,1.2,0.7845,kan,128275,192.2,349.66,100.0
Arrhythmia,7,5,2026-05-02T12:29:46,0.41832,0.896216,0.347328,0.902156,513100,2.0,true_dpsgd,0.8,1.2,0.7845,kan,128275,192.256,350.2,100.0
Arrhythmia,7,7,2026-05-02T12:29:47,0.426649,0.893585,0.347328,0.902156,513100,2.0,true_dpsgd,0.8,1.2,0.9315,kan,128275,192.513,352.09,100.0
Arrhythmia,7,5,2026-05-02T12:29:47,0.417367,0.893977,0.347328,0.902156,513100,2.0,true_dpsgd,0.8,1.2,0.7845,kan,128275,192.543,350.17,100.0
Arrhythmia,8,6,2026-05-02T12:32:11,0.422409,0.896832,0.358688,0.899781,513100,2.0,true_dpsgd,0.8,1.2,0.8609,kan,128275,140.452,350.23,100.0
Arrhythmia,8,6,2026-05-02T12:32:11,0.418382,0.895488,0.358688,0.899781,513100,2.0,true_dpsgd,0.8,1.2,0.8609,kan,128275,140.769,349.73,100.0
Arrhythmia,8,6,2026-05-02T12:32:12,0.42142,0.896384,0.358688,0.899781,513100,2.0,true_dpsgd,0.8,1.2,0.8609,kan,128275,140.996,348.7,100.0
Arrhythmia,8,6,2026-05-02T12:33:03,0.416094,0.895768,0.358688,0.899781,513100,2.0,true_dpsgd,0.8,1.2,0.8609,kan,128275,192.456,350.87,100.0
Arrhythmia,8,6,2026-05-02T12:33:03,0.411081,0.897056,0.358688,0.899781,513100,2.0,true_dpsgd,0.8,1.2,0.8609,kan,128275,192.656,351.34,100.0
Arrhythmia,8,6,2026-05-02T12:33:03,0.414866,0.895824,0.358688,0.899781,513100,2.0,true_dpsgd,0.8,1.2,0.8609,kan,128275,192.721,351.44,100.0
Arrhythmia,8,6,2026-05-02T12:33:03,0.418614,0.89672,0.358688,0.899781,513100,2.0,true_dpsgd,0.8,1.2,0.8609,kan,128275,192.73,349.16,100.0
Arrhythmia,8,8,2026-05-02T12:33:04,0.416236,0.89672,0.358688,0.899781,513100,2.0,true_dpsgd,0.8,1.2,0.9975,kan,128275,192.896,351.93,100.0
Arrhythmia,8,6,2026-05-02T12:33:04,0.418745,0.897112,0.358688,0.899781,513100,2.0,true_dpsgd,0.8,1.2,0.8609,kan,128275,192.917,350.27,100.0
Arrhythmia,9,7,2026-05-02T12:35:41,0.413233,0.897559,0.360251,0.90074,513100,2.0,true_dpsgd,0.8,1.2,0.9315,kan,128275,152.659,350.25,100.0
Arrhythmia,9,7,2026-05-02T12:35:41,0.41675,0.897559,0.360251,0.90074,513100,2.0,true_dpsgd,0.8,1.2,0.9315,kan,128275,152.914,349.69,100.0
Arrhythmia,9,7,2026-05-02T12:35:41,0.419403,0.897391,0.360251,0.90074,513100,2.0,true_dpsgd,0.8,1.2,0.9315,kan,128275,153.5,348.91,100.0
Arrhythmia,9,7,2026-05-02T12:36:33,0.415325,0.898119,0.360251,0.90074,513100,2.0,true_dpsgd,0.8,1.2,0.9315,kan,128275,204.657,350.2,100.0
Arrhythmia,9,7,2026-05-02T12:36:34,0.417668,0.897279,0.360251,0.90074,513100,2.0,true_dpsgd,0.8,1.2,0.9315,kan,128275,206.314,350.72,100.0
Arrhythmia,9,7,2026-05-02T12:36:34,0.416651,0.897391,0.360251,0.90074,513100,2.0,true_dpsgd,0.8,1.2,0.9315,kan,128275,206.483,348.85,100.0
Arrhythmia,9,7,2026-05-02T12:36:34,0.409297,0.898959,0.360251,0.90074,513100,2.0,true_dpsgd,0.8,1.2,0.9315,kan,128275,206.563,350.08,100.0
Arrhythmia,9,7,2026-05-02T12:36:34,0.408806,0.898623,0.360251,0.90074,513100,2.0,true_dpsgd,0.8,1.2,0.9315,kan,128275,206.592,351.34,100.0
Arrhythmia,9,9,2026-05-02T12:36:35,0.415048,0.898791,0.360251,0.90074,513100,2.0,true_dpsgd,0.8,1.2,1.0599,kan,128275,206.654,352.01,100.0
Arrhythmia,10,8,2026-05-02T12:39:01,0.411947,0.898791,0.35694,0.902613,513100,2.0,true_dpsgd,0.8,1.2,0.9975,kan,128275,141.211,349.84,100.0
Arrhythmia,10,8,2026-05-02T12:39:01,0.41411,0.897671,0.35694,0.902613,513100,2.0,true_dpsgd,0.8,1.2,0.9975,kan,128275,141.448,351.0,100.0
Arrhythmia,10,8,2026-05-02T12:39:02,0.41458,0.898679,0.35694,0.902613,513100,2.0,true_dpsgd,0.8,1.2,0.9975,kan,128275,142.351,349.73,100.0
Arrhythmia,10,8,2026-05-02T12:39:58,0.421354,0.899295,0.35694,0.902613,513100,2.0,true_dpsgd,0.8,1.2,0.9975,kan,128275,199.05,349.59,100.0
Arrhythmia,10,8,2026-05-02T12:39:58,0.414232,0.899575,0.35694,0.902613,513100,2.0,true_dpsgd,0.8,1.2,0.9975,kan,128275,199.103,350.8,100.0
Arrhythmia,10,8,2026-05-02T12:39:59,0.413716,0.899015,0.35694,0.902613,513100,2.0,true_dpsgd,0.8,1.2,0.9975,kan,128275,199.183,351.91,100.0
Arrhythmia,10,8,2026-05-02T12:39:59,0.41384,0.898791,0.35694,0.902613,513100,2.0,true_dpsgd,0.8,1.2,0.9975,kan,128275,199.311,350.15,100.0
Arrhythmia,10,10,2026-05-02T12:39:59,0.419582,0.898511,0.35694,0.902613,513100,2.0,true_dpsgd,0.8,1.2,1.1189,kan,128275,199.402,353.17,100.0
Arrhythmia,10,8,2026-05-02T12:39:59,0.414402,0.899183,0.35694,0.902613,513100,2.0,true_dpsgd,0.8,1.2,0.9975,kan,128275,199.396,350.69,100.0
Arrhythmia,11,9,2026-05-02T12:42:25,0.411265,0.90103,0.355617,0.904897,513100,2.0,true_dpsgd,0.8,1.2,1.0599,kan,128275,142.02,349.85,100.0
Arrhythmia,11,9,2026-05-02T12:42:25,0.412514,0.901254,0.355617,0.904897,513100,2.0,true_dpsgd,0.8,1.2,1.0599,kan,128275,142.119,351.67,100.0
Arrhythmia,11,9,2026-05-02T12:42:26,0.415283,0.900862,0.355617,0.904897,513100,2.0,true_dpsgd,0.8,1.2,1.0599,kan,128275,142.499,272.42,100.0
Arrhythmia,11,11,2026-05-02T12:42:38,0.417292,0.899966,0.355617,0.904897,513100,2.0,true_dpsgd,0.8,1.2,1.175,kan,128275,155.164,203.13,100.0
Arrhythmia,11,9,2026-05-02T12:43:12,0.412341,0.900022,0.355617,0.904897,513100,2.0,true_dpsgd,0.8,1.2,1.0599,kan,128275,189.017,271.55,100.0
Arrhythmia,11,9,2026-05-02T12:43:12,0.417308,0.899463,0.355617,0.904897,513100,2.0,true_dpsgd,0.8,1.2,1.0599,kan,128275,189.165,262.17,100.0
Arrhythmia,11,9,2026-05-02T12:43:12,0.417407,0.900246,0.355617,0.904897,513100,2.0,true_dpsgd,0.8,1.2,1.0599,kan,128275,189.186,258.44,100.0
Arrhythmia,11,9,2026-05-02T12:43:12,0.415701,0.901198,0.355617,0.904897,513100,2.0,true_dpsgd,0.8,1.2,1.0599,kan,128275,189.251,276.41,100.0
Arrhythmia,11,9,2026-05-02T12:43:12,0.418056,0.898959,0.355617,0.904897,513100,2.0,true_dpsgd,0.8,1.2,1.0599,kan,128275,189.302,272.45,100.0
Arrhythmia,12,10,2026-05-02T12:45:39,0.4191,0.900022,0.36079,0.902841,513100,2.0,true_dpsgd,0.8,1.2,1.1189,kan,128275,142.687,270.48,100.0
Arrhythmia,12,10,2026-05-02T12:45:39,0.414817,0.901758,0.36079,0.902841,513100,2.0,true_dpsgd,0.8,1.2,1.1189,kan,128275,142.762,278.43,100.0
Arrhythmia,12,10,2026-05-02T12:45:40,0.417237,0.903157,0.36079,0.902841,513100,2.0,true_dpsgd,0.8,1.2,1.1189,kan,128275,142.99,273.02,100.0
Arrhythmia,12,10,2026-05-02T12:46:35,0.41283,0.901478,0.36079,0.902841,513100,2.0,true_dpsgd,0.8,1.2,1.1189,kan,128275,198.261,272.29,100.0
Arrhythmia,12,10,2026-05-02T12:46:35,0.413442,0.90215,0.36079,0.902841,513100,2.0,true_dpsgd,0.8,1.2,1.1189,kan,128275,198.303,262.65,100.0
Arrhythmia,12,10,2026-05-02T12:46:35,0.413096,0.90187,0.36079,0.902841,513100,2.0,true_dpsgd,0.8,1.2,1.1189,kan,128275,198.398,272.53,100.0
Arrhythmia,12,10,2026-05-02T12:46:35,0.410562,0.90159,0.36079,0.902841,513100,2.0,true_dpsgd,0.8,1.2,1.1189,kan,128275,198.453,277.14,100.0
Arrhythmia,12,10,2026-05-02T12:46:35,0.410495,0.901198,0.36079,0.902841,513100,2.0,true_dpsgd,0.8,1.2,1.1189,kan,128275,198.578,258.54,100.0
Arrhythmia,12,12,2026-05-02T12:46:35,0.413643,0.901702,0.36079,0.902841,513100,2.0,true_dpsgd,0.8,1.2,1.2287,kan,128275,198.586,203.64,100.0
Arrhythmia,13,11,2026-05-02T12:49:03,0.412844,0.902429,0.349235,0.907637,513100,2.0,true_dpsgd,0.8,1.2,1.175,kan,128275,143.171,278.92,100.0
Arrhythmia,13,11,2026-05-02T12:49:03,0.410141,0.902429,0.349235,0.907637,513100,2.0,true_dpsgd,0.8,1.2,1.175,kan,128275,143.53,271.07,100.0
Arrhythmia,13,11,2026-05-02T12:49:03,0.420306,0.902877,0.349235,0.907637,513100,2.0,true_dpsgd,0.8,1.2,1.175,kan,128275,143.611,273.63,100.0
Arrhythmia,13,11,2026-05-02T12:50:00,0.406195,0.904445,0.349235,0.907637,513100,2.0,true_dpsgd,0.8,1.2,1.175,kan,128275,200.652,127.16,100.0
Arrhythmia,13,11,2026-05-02T12:50:02,0.406439,0.902933,0.349235,0.907637,513100,2.0,true_dpsgd,0.8,1.2,1.175,kan,128275,201.943,130.48,100.0
Arrhythmia,13,11,2026-05-02T12:50:02,0.409547,0.904277,0.349235,0.907637,513100,2.0,true_dpsgd,0.8,1.2,1.175,kan,128275,202.014,133.25,100.0
Arrhythmia,13,11,2026-05-02T12:50:02,0.4113,0.902485,0.349235,0.907637,513100,2.0,true_dpsgd,0.8,1.2,1.175,kan,128275,202.209,128.09,100.0
Arrhythmia,13,11,2026-05-02T12:50:02,0.412106,0.901814,0.349235,0.907637,513100,2.0,true_dpsgd,0.8,1.2,1.175,kan,128275,202.263,129.48,100.0
Arrhythmia,13,13,2026-05-02T12:50:02,0.407981,0.904221,0.349235,0.907637,513100,2.0,true_dpsgd,0.8,1.2,1.2804,kan,128275,202.288,127.75,100.0
Arrhythmia,14,12,2026-05-02T12:52:28,0.40502,0.90534,0.350333,0.908414,513100,2.0,true_dpsgd,0.8,1.2,1.2287,kan,128275,141.619,126.46,100.0
Arrhythmia,14,12,2026-05-02T12:52:29,0.41098,0.904053,0.350333,0.908414,513100,2.0,true_dpsgd,0.8,1.2,1.2287,kan,128275,141.86,127.18,100.0
Arrhythmia,14,12,2026-05-02T12:52:29,0.406068,0.904893,0.350333,0.908414,513100,2.0,true_dpsgd,0.8,1.2,1.2287,kan,128275,142.079,129.94,100.0
Arrhythmia,14,12,2026-05-02T12:53:21,0.416676,0.904557,0.350333,0.908414,513100,2.0,true_dpsgd,0.8,1.2,1.2287,kan,128275,194.46,130.86,100.0
Arrhythmia,14,12,2026-05-02T12:53:21,0.410235,0.904725,0.350333,0.908414,513100,2.0,true_dpsgd,0.8,1.2,1.2287,kan,128275,194.502,134.06,100.0
Arrhythmia,14,12,2026-05-02T12:53:21,0.417215,0.904893,0.350333,0.908414,513100,2.0,true_dpsgd,0.8,1.2,1.2287,kan,128275,194.504,127.96,100.0
Arrhythmia,14,12,2026-05-02T12:53:21,0.407527,0.904445,0.350333,0.908414,513100,2.0,true_dpsgd,0.8,1.2,1.2287,kan,128275,194.59,130.18,100.0
Arrhythmia,14,12,2026-05-02T12:53:21,0.404903,0.905396,0.350333,0.908414,513100,2.0,true_dpsgd,0.8,1.2,1.2287,kan,128275,194.617,128.91,100.0
Arrhythmia,14,14,2026-05-02T12:53:22,0.404333,0.904333,0.350333,0.908414,513100,2.0,true_dpsgd,0.8,1.2,1.331,kan,128275,194.797,128.25,100.0
